Brain parietal cortex tissue	left ventricle tissue	Rectal Smooth Muscle Cell	Brain Vascular Pericyte	Hepatocyte	CD19+ B-cells	liver tissue	Colonic Smooth Muscle Cell	Schwann Cell	CD56+ NK cells	thymus tissue	small intestine tissue
PCBP2_ccccacccc	5.85698519974591	0	1.44490555142168	0	0	0	0	0	0	0	0	0
RBM6_cgucca	5.64975198166584	0	0	0	0	1.5543957967264	0	0	0	0	0	0
PCBP4_auccccc	4.69464863055338	0	0	0	0	0	0	0	0	0	0	0
PUF60_ucucu	4.48412615628832	5.94309514866353	0	0	0	0	0	0	0	1.7619538968712	0	0
ZC3H10_ssagcgm	3.60032627851896	0	2.42250820016277	0	0	0	0	1.7851561519523	0	0	0	0
PTBP1_hyuuuyu	0	6.71896663275227	0	2.16941133131486	0	2.58670023591875	0	0	0	0	0	0
U2AF2_uuuuuyc	1.44490555142168	5.07365755337435	0	2.82390874094432	0	0	0	0	0	0	0	0
BOLL_uuuguuu	0	5.06499684854635	0	2.14874165128092	2.41116827440579	1.77469071827414	0	1.65757731917779	0	0	1.46344155742847	0
PUF60_uuuuu	1.93554201077308	5.00130484168834	0	1.57511836336893	1.77211329538633	0	0	1.7594507517174	1.98296666070122	2.40450377817443	0	0
PCBP4_gucgg	0	0	5.63827216398241	0	0	0	1.82102305270683	0	0	0	0	0
PPRC1_ssgcgcs	2.77728352885242	0	5.50584540598156	0	0	0	0	1.52724355068279	0	0	0	0
RBM22_accgg	0	2.03810452633215	3.40120949323688	1.79588001734408	0	0	0	0	0	1.65364702554936	0	0
EIF4G2_cgccg	0	0	3.3840499483436	0	0	0	0	0	0	0	0	0
RBM8A_rygcgcb	3.09312646527793	0	2.70996538863748	0	0	0	0	2.56066730616974	0	0	0	0
CPEB4_uuuuuu	0	2.45469288353418	0	3.39577394691553	0	0	0	0	1.61083391563547	0	0	0
HNRNPCL1_uuuuu	0	2.74714696902011	0	3.07314329105031	0	0	0	0	0	0	0	0
FUBP3_uuuau	0	1.38615817812393	0	2.52287874528034	0	1.53610701101409	0	0	0	0	0	0
ZNF638_bguusku	0	2.96257350205938	0	2.27245874297144	0	0	1.55909091793478	0	2.93554201077308	0	2.5185573714977	0
RALY_uuuuu	0	2.65364702554936	0	0	2.6345120151091	0	0	2.13548891894161	0	0	0	0
ZC3H14_uuuduuu	0	3.06600683616876	0	0	2.25026368443094	0	0	0	0	1.91364016932525	0	0
FUBP1_uauuu	0	0	0	2.15989390554324	2.24641694110709	0	0	0	2.07520400420209	1.79588001734408	0	0
RBM15B_uuuuauuu	0	2.6903698325741	0	0	2.0329202658555	0	0	0	0	0	0	1.59687947882418
PCBP2_uuccc	0	0	0	0	0	2.82102305270683	1.98296666070122	0	0	0	0	0
DAZ3_aguuuu	0	0	0	0	0	2.64397414280688	0	0	0	0	0	0
RBM23_ccccc	0	0	0	0	0	2.34775365899668	0	0	0	0	0	0
EWSR1_aggug	0	0	0	0	0	2.17198493577602	0	0	0	0	0	0
RBM24_gugug	0	0	0	0	0	0	3.50584540598156	1.4294570601181	0	0	0	0
RBM4B_acggga	0	0	1.45717457304082	0	0	0	3.05453141486818	0	1.4294570601181	0	0	0
HNRNPA2B1_ggggg	0	0	0	0	0	0	3.01908806222316	0	0	0	0	0
BRUNOL6_ugugdkg	0	0	0	0	0	1.97061622231479	2.79048498545737	0	0	0	0	0
SFPQ_kurrukk	0	0	0	0	0	0	2.63264407897398	0	2.54975089168064	0	0	0
SRSF5_gcagc	0	0	0	0	0	0	1.75202673363819	2.92811799269387	0	0	1.6458915608526	0
BRUNOL5_ugugukk	0	0	0	1.54668165995296	0	2.0584885673656	0	2.79588001734408	0	0	0	0
SRSF9_kgrwgsm	0	0	0	0	0	0	0	2.61978875828839	0	0	0	0
FUBP1_uauguau	2.35359627377693	2.6252516539899	0	0	0	0	0	2.2958494831602	1.58004425151024	0	0	0
HNRNPF_gukgykg	0	0	0	0	0	0	0	0	2.90657831483776	0	1.64781748188864	0
CELF1_aaugu	0	0	0	0	0	1.85078088734462	0	0	2.81815641205523	0	0	0
BOLL_guguua	0	1.95860731484178	0	0	0	1.80687540164554	0	0	2.54821356447571	0	0	0
FUS_ggggg	0	0	0	0	0	0	0	0	0	2.27490547891853	0	0
KHDRBS2_aauaaa	0	0	0	0	0	0	0	0	0	1.94692155651658	0	1.73048705578208
PRR3_augaa	0	0	0	0	0	0	0	0	0	1.94692155651658	0	0
MBNL1_gcgcagc	0	0	0	0	0	0	0	0	0	0	3.04143611677803	1.37986394502624
MATR3_maucuur	0	1.70553377383841	0	0	0	0	0	1.59006687666871	0	0	2.96257350205938	0
YBX2_aacawcd	0	0	0	0	0	0	0	1.69464863055338	0	0	1.78781239559604	0
PCBP2_aaccc	0	0	0	0	0	0	0	0	0	0	1.75448733218585	0
RBM4_gcgcgss	1.41116827440579	0	2.52143350440616	0	0	0	1.85387196432176	1.52432881167557	0	0	0	3.09474395125155
HNRNPD_uauuaa	0	0	0	0	0	0	0	0	0	0	0	2.83863199776503
RBM4_gcgcgu	2.72584215073632	0	0	0	0	0	2.1605219526258	0	1.53313237964589	0	0	2.06048074738138
TUT1_mrauacu	0	0	0	0	1.66756154008439	0	0	1.54821356447571	0	0	0	2.05898575629443
TRNAU1AP_uuuuauu	0	1.98716277529483	0	2.01772876696043	1.62342304294349	0	0	0	0	1.42712839779952	0	1.92445303860747
