count	distance
400	0	-600
401	0	-599
402	0	-598
403	0	-597
404	0	-596
405	0	-595
406	0	-594
407	0	-593
408	0	-592
409	0	-591
410	0	-590
411	0	-589
412	0	-588
413	0	-587
414	0	-586
415	0	-585
416	0	-584
417	0	-583
418	0	-582
419	0	-581
420	0	-580
421	0	-579
422	0	-578
423	0	-577
424	0	-576
425	0	-575
426	0	-574
427	0	-573
428	0	-572
429	0	-571
430	0	-570
431	0	-569
432	0	-568
433	0	-567
434	0	-566
435	0	-565
436	0	-564
437	0	-563
438	0	-562
439	0	-561
440	0	-560
441	0	-559
442	0	-558
443	0	-557
444	0	-556
445	0	-555
446	0	-554
447	0	-553
448	0	-552
449	0	-551
450	0	-550
451	0	-549
452	0	-548
453	0	-547
454	0	-546
455	0	-545
456	0	-544
457	0	-543
458	0	-542
459	0	-541
460	0	-540
461	0	-539
462	0	-538
463	0	-537
464	0	-536
465	0	-535
466	0	-534
467	0	-533
468	0	-532
469	0	-531
470	0	-530
471	0	-529
472	0	-528
473	0	-527
474	0	-526
475	0	-525
476	0	-524
477	0	-523
478	0	-522
479	0	-521
480	0	-520
481	0	-519
482	0	-518
483	0	-517
484	0	-516
485	0	-515
486	0	-514
487	0	-513
488	0	-512
489	0	-511
490	0	-510
491	0	-509
492	0	-508
493	0	-507
494	0	-506
495	0	-505
496	0	-504
497	0	-503
498	0	-502
499	0	-501
500	0	-500
501	0	-499
502	0	-498
503	0	-497
504	0	-496
505	0	-495
506	0	-494
507	0	-493
508	0	-492
509	0	-491
510	0	-490
511	0	-489
512	0	-488
513	0	-487
514	0	-486
515	0	-485
516	0	-484
517	0	-483
518	0	-482
519	0	-481
520	0	-480
521	0	-479
522	0	-478
523	0	-477
524	0	-476
525	0	-475
526	0	-474
527	0	-473
528	0	-472
529	0	-471
530	0	-470
531	0	-469
532	0	-468
533	0	-467
534	0	-466
535	0	-465
536	0	-464
537	0	-463
538	0	-462
539	0	-461
540	0	-460
541	0	-459
542	0	-458
543	0	-457
544	0	-456
545	0	-455
546	0	-454
547	0	-453
548	0	-452
549	0	-451
550	0	-450
551	0	-449
552	0	-448
553	0	-447
554	0	-446
555	0	-445
556	0	-444
557	0	-443
558	0	-442
559	0	-441
560	0	-440
561	0	-439
562	0	-438
563	0	-437
564	0	-436
565	0	-435
566	0	-434
567	0	-433
568	0	-432
569	0	-431
570	0	-430
571	0	-429
572	0	-428
573	0	-427
574	0	-426
575	0	-425
576	0	-424
577	0	-423
578	0	-422
579	0	-421
580	0	-420
581	0	-419
582	0	-418
583	0	-417
584	0	-416
585	0	-415
586	0	-414
587	0	-413
588	0	-412
589	0	-411
590	0	-410
591	0	-409
592	0	-408
593	0	-407
594	0	-406
595	0	-405
596	0	-404
597	0	-403
598	0	-402
599	0	-401
600	0	-400
601	0	-399
602	0	-398
603	0	-397
604	0	-396
605	0	-395
606	0	-394
607	0	-393
608	0	-392
609	0	-391
610	0	-390
611	0	-389
612	0	-388
613	0	-387
614	0	-386
615	0	-385
616	0	-384
617	0	-383
618	0	-382
619	0	-381
620	0	-380
621	0	-379
622	0	-378
623	0	-377
624	0	-376
625	0	-375
626	0	-374
627	0	-373
628	0	-372
629	0	-371
630	0	-370
631	0	-369
632	0	-368
633	0	-367
634	0	-366
635	0	-365
636	0	-364
637	0	-363
638	0	-362
639	0	-361
640	0	-360
641	0	-359
642	0	-358
643	0	-357
644	0	-356
645	0	-355
646	0	-354
647	0	-353
648	0	-352
649	0	-351
650	0	-350
651	0	-349
652	0	-348
653	0	-347
654	0	-346
655	0	-345
656	0	-344
657	0	-343
658	0	-342
659	0	-341
660	0	-340
661	0	-339
662	0	-338
663	0	-337
664	0	-336
665	0	-335
666	0	-334
667	0	-333
668	0	-332
669	0	-331
670	0	-330
671	0	-329
672	0	-328
673	0	-327
674	0	-326
675	0	-325
676	0	-324
677	0	-323
678	0	-322
679	0	-321
680	0	-320
681	0	-319
682	0	-318
683	0	-317
684	0	-316
685	0	-315
686	0	-314
687	0	-313
688	0	-312
689	0	-311
690	0	-310
691	0	-309
692	0	-308
693	0	-307
694	0	-306
695	0	-305
696	0	-304
697	0	-303
698	0	-302
699	0	-301
700	0	-300
701	0	-299
702	0	-298
703	0	-297
704	0	-296
705	0	-295
706	0	-294
707	0	-293
708	0	-292
709	0	-291
710	0	-290
711	0	-289
712	0	-288
713	0	-287
714	0	-286
715	0	-285
716	0	-284
717	0	-283
718	0	-282
719	0	-281
720	0	-280
721	0	-279
722	0	-278
723	0	-277
724	0	-276
725	0	-275
726	0	-274
727	0	-273
728	0	-272
729	0	-271
730	0	-270
731	0	-269
732	0	-268
733	0	-267
734	0	-266
735	0	-265
736	0	-264
737	0	-263
738	0	-262
739	0	-261
740	0	-260
741	0	-259
742	0	-258
743	0	-257
744	0	-256
745	0	-255
746	0	-254
747	0	-253
748	0	-252
749	0	-251
750	0	-250
751	0	-249
752	0	-248
753	0	-247
754	0	-246
755	0	-245
756	0	-244
757	0	-243
758	0	-242
759	0	-241
760	0	-240
761	0	-239
762	0	-238
763	0	-237
764	0	-236
765	0	-235
766	0	-234
767	0	-233
768	0	-232
769	0	-231
770	0	-230
771	0	-229
772	0	-228
773	0	-227
774	0	-226
775	0	-225
776	0	-224
777	0	-223
778	0	-222
779	0	-221
780	0	-220
781	0	-219
782	0	-218
783	0	-217
784	0	-216
785	0	-215
786	0	-214
787	0	-213
788	0	-212
789	0	-211
790	0	-210
791	0	-209
792	0	-208
793	0	-207
794	0	-206
795	0	-205
796	0.00133333333333333	-204
797	0.00133333333333333	-203
798	0.00133333333333333	-202
799	0.00133333333333333	-201
800	0.00133333333333333	-200
801	0.00266666666666667	-199
802	0.00133333333333333	-198
803	0.00133333333333333	-197
804	0.00133333333333333	-196
805	0.00133333333333333	-195
806	0.00133333333333333	-194
807	0.00133333333333333	-193
808	0.00133333333333333	-192
809	0.00266666666666667	-191
810	0.00266666666666667	-190
811	0.004	-189
812	0.004	-188
813	0.00266666666666667	-187
814	0.00266666666666667	-186
815	0.00133333333333333	-185
816	0.00133333333333333	-184
817	0	-183
818	0.00133333333333333	-182
819	0.00133333333333333	-181
820	0.00133333333333333	-180
821	0.00133333333333333	-179
822	0.004	-178
823	0.004	-177
824	0.00266666666666667	-176
825	0.00266666666666667	-175
826	0.004	-174
827	0.004	-173
828	0.00133333333333333	-172
829	0.00133333333333333	-171
830	0.00133333333333333	-170
831	0.00133333333333333	-169
832	0	-168
833	0	-167
834	0	-166
835	0	-165
836	0	-164
837	0	-163
838	0.00133333333333333	-162
839	0.00133333333333333	-161
840	0.00266666666666667	-160
841	0.00266666666666667	-159
842	0.00266666666666667	-158
843	0.00266666666666667	-157
844	0.00133333333333333	-156
845	0.00133333333333333	-155
846	0	-154
847	0	-153
848	0	-152
849	0	-151
850	0	-150
851	0	-149
852	0	-148
853	0.00133333333333333	-147
854	0.00133333333333333	-146
855	0.00266666666666667	-145
856	0.00266666666666667	-144
857	0.00266666666666667	-143
858	0.00266666666666667	-142
859	0.00133333333333333	-141
860	0.00133333333333333	-140
861	0	-139
862	0	-138
863	0	-137
864	0.00133333333333333	-136
865	0.00133333333333333	-135
866	0.00133333333333333	-134
867	0.004	-133
868	0.004	-132
869	0.00533333333333333	-131
870	0.004	-130
871	0.004	-129
872	0.004	-128
873	0.00133333333333333	-127
874	0.00133333333333333	-126
875	0	-125
876	0	-124
877	0	-123
878	0	-122
879	0	-121
880	0	-120
881	0	-119
882	0	-118
883	0	-117
884	0	-116
885	0	-115
886	0	-114
887	0	-113
888	0	-112
889	0	-111
890	0.00133333333333333	-110
891	0.00133333333333333	-109
892	0.00133333333333333	-108
893	0.00266666666666667	-107
894	0.004	-106
895	0.004	-105
896	0.004	-104
897	0.004	-103
898	0.004	-102
899	0.00266666666666667	-101
900	0.00266666666666667	-100
901	0.00266666666666667	-99
902	0.00133333333333333	-98
903	0.00133333333333333	-97
904	0.00133333333333333	-96
905	0.00133333333333333	-95
906	0.00133333333333333	-94
907	0.004	-93
908	0.004	-92
909	0.004	-91
910	0.004	-90
911	0.004	-89
912	0.00266666666666667	-88
913	0	-87
914	0	-86
915	0.00266666666666667	-85
916	0.004	-84
917	0.004	-83
918	0.00533333333333333	-82
919	0.008	-81
920	0.008	-80
921	0.00533333333333333	-79
922	0.004	-78
923	0.00533333333333333	-77
924	0.00533333333333333	-76
925	0.00266666666666667	-75
926	0.004	-74
927	0.00533333333333333	-73
928	0.00666666666666667	-72
929	0.00533333333333333	-71
930	0.00533333333333333	-70
931	0.00533333333333333	-69
932	0.00533333333333333	-68
933	0.004	-67
934	0.004	-66
935	0.004	-65
936	0.00266666666666667	-64
937	0.00266666666666667	-63
938	0.00133333333333333	-62
939	0.00133333333333333	-61
940	0	-60
941	0	-59
942	0	-58
943	0	-57
944	0.00133333333333333	-56
945	0.00133333333333333	-55
946	0.00133333333333333	-54
947	0.00133333333333333	-53
948	0.00266666666666667	-52
949	0.004	-51
950	0.00266666666666667	-50
951	0.00266666666666667	-49
952	0.00266666666666667	-48
953	0.00266666666666667	-47
954	0.00266666666666667	-46
955	0.00133333333333333	-45
956	0.00133333333333333	-44
957	0.004	-43
958	0.004	-42
959	0.00533333333333333	-41
960	0.004	-40
961	0.004	-39
962	0.004	-38
963	0.00133333333333333	-37
964	0.00133333333333333	-36
965	0.00133333333333333	-35
966	0.00133333333333333	-34
967	0.00133333333333333	-33
968	0.00266666666666667	-32
969	0.004	-31
970	0.00533333333333333	-30
971	0.00666666666666667	-29
972	0.00666666666666667	-28
973	0.00666666666666667	-27
974	0.00533333333333333	-26
975	0.00533333333333333	-25
976	0.00533333333333333	-24
977	0.00266666666666667	-23
978	0.004	-22
979	0.00533333333333333	-21
980	0.00666666666666667	-20
981	0.00933333333333333	-19
982	0.008	-18
983	0.00933333333333333	-17
984	0.0106666666666667	-16
985	0.0133333333333333	-15
986	0.0133333333333333	-14
987	0.012	-13
988	0.0146666666666667	-12
989	0.0186666666666667	-11
990	0.0186666666666667	-10
991	0.016	-9
992	0.0186666666666667	-8
993	0.0173333333333333	-7
994	0.0146666666666667	-6
995	0.00933333333333333	-5
996	0.00666666666666667	-4
997	0.00533333333333333	-3
998	0.00133333333333333	-2
999	0	-1
1000	0	0
1001	0.00133333333333333	1
1002	0.00133333333333333	2
1003	0.00133333333333333	3
1004	0.00133333333333333	4
1005	0.00133333333333333	5
1006	0.00133333333333333	6
1007	0	7
1008	0	8
1009	0	9
1010	0.004	10
1011	0.00533333333333333	11
1012	0.00533333333333333	12
1013	0.00533333333333333	13
1014	0.00533333333333333	14
1015	0.00533333333333333	15
1016	0.00133333333333333	16
1017	0	17
1018	0	18
1019	0	19
1020	0	20
1021	0.00133333333333333	21
1022	0.00133333333333333	22
1023	0.00133333333333333	23
1024	0.00266666666666667	24
1025	0.00266666666666667	25
1026	0.00266666666666667	26
1027	0.00133333333333333	27
1028	0.00133333333333333	28
1029	0.00133333333333333	29
1030	0	30
1031	0	31
1032	0.00133333333333333	32
1033	0.00266666666666667	33
1034	0.00266666666666667	34
1035	0.00266666666666667	35
1036	0.00266666666666667	36
1037	0.00266666666666667	37
1038	0.004	38
1039	0.00266666666666667	39
1040	0.004	40
1041	0.00533333333333333	41
1042	0.00533333333333333	42
1043	0.00533333333333333	43
1044	0.00266666666666667	44
1045	0.00266666666666667	45
1046	0.00133333333333333	46
1047	0	47
1048	0	48
1049	0	49
1050	0	50
1051	0.00266666666666667	51
1052	0.00266666666666667	52
1053	0.00533333333333333	53
1054	0.00533333333333333	54
1055	0.00533333333333333	55
1056	0.00533333333333333	56
1057	0.00266666666666667	57
1058	0.00266666666666667	58
1059	0	59
1060	0	60
1061	0	61
1062	0	62
1063	0	63
1064	0	64
1065	0.00266666666666667	65
1066	0.00266666666666667	66
1067	0.00266666666666667	67
1068	0.004	68
1069	0.004	69
1070	0.004	70
1071	0.00133333333333333	71
1072	0.00133333333333333	72
1073	0.00266666666666667	73
1074	0.00133333333333333	74
1075	0.00133333333333333	75
1076	0.00266666666666667	76
1077	0.00266666666666667	77
1078	0.004	78
1079	0.00266666666666667	79
1080	0.00266666666666667	80
1081	0.00266666666666667	81
1082	0.004	82
1083	0.004	83
1084	0.00266666666666667	84
1085	0.00266666666666667	85
1086	0.004	86
1087	0.004	87
1088	0.00133333333333333	88
1089	0.00133333333333333	89
1090	0.00133333333333333	90
1091	0.00133333333333333	91
1092	0	92
1093	0.00133333333333333	93
1094	0.00133333333333333	94
1095	0.00133333333333333	95
1096	0.00133333333333333	96
1097	0.00266666666666667	97
1098	0.00266666666666667	98
1099	0.00133333333333333	99
1100	0.00266666666666667	100
1101	0.004	101
1102	0.004	102
1103	0.00266666666666667	103
1104	0.00266666666666667	104
1105	0.004	105
1106	0.00266666666666667	106
1107	0.00133333333333333	107
1108	0.00133333333333333	108
1109	0.00133333333333333	109
1110	0.00133333333333333	110
1111	0	111
1112	0	112
1113	0	113
1114	0	114
1115	0	115
1116	0	116
1117	0	117
1118	0	118
1119	0	119
1120	0	120
1121	0	121
1122	0	122
1123	0	123
1124	0	124
1125	0	125
1126	0.00133333333333333	126
1127	0.00133333333333333	127
1128	0.00133333333333333	128
1129	0.00133333333333333	129
1130	0.00133333333333333	130
1131	0.00133333333333333	131
1132	0	132
1133	0	133
1134	0	134
1135	0	135
1136	0	136
1137	0	137
1138	0.00133333333333333	138
1139	0.00133333333333333	139
1140	0.00266666666666667	140
1141	0.00266666666666667	141
1142	0.00266666666666667	142
1143	0.00266666666666667	143
1144	0.00133333333333333	144
1145	0.00133333333333333	145
1146	0	146
1147	0	147
1148	0	148
1149	0	149
1150	0	150
1151	0	151
1152	0	152
1153	0	153
1154	0	154
1155	0.00133333333333333	155
1156	0.00133333333333333	156
1157	0.00133333333333333	157
1158	0.00133333333333333	158
1159	0.00133333333333333	159
1160	0.00266666666666667	160
1161	0.00133333333333333	161
1162	0.00133333333333333	162
1163	0.00133333333333333	163
1164	0.00133333333333333	164
1165	0.00133333333333333	165
1166	0.00133333333333333	166
1167	0.00266666666666667	167
1168	0.00266666666666667	168
1169	0.00266666666666667	169
1170	0.00266666666666667	170
1171	0.00266666666666667	171
1172	0.00133333333333333	172
1173	0	173
1174	0	174
1175	0	175
1176	0	176
1177	0	177
1178	0	178
1179	0	179
1180	0	180
1181	0	181
1182	0.00133333333333333	182
1183	0.00133333333333333	183
1184	0.00133333333333333	184
1185	0.00266666666666667	185
1186	0.00266666666666667	186
1187	0.00266666666666667	187
1188	0.00133333333333333	188
1189	0.00133333333333333	189
1190	0.00266666666666667	190
1191	0.00133333333333333	191
1192	0.00133333333333333	192
1193	0.00266666666666667	193
1194	0.00266666666666667	194
1195	0.00266666666666667	195
1196	0.00133333333333333	196
1197	0.00133333333333333	197
1198	0.00133333333333333	198
1199	0	199
1200	0	200
1201	0	201
1202	0	202
1203	0	203
1204	0	204
1205	0	205
1206	0	206
1207	0.00133333333333333	207
1208	0.00133333333333333	208
1209	0.00133333333333333	209
1210	0.00133333333333333	210
1211	0.00133333333333333	211
1212	0.00133333333333333	212
1213	0	213
1214	0	214
1215	0	215
1216	0	216
1217	0	217
1218	0	218
1219	0	219
1220	0	220
1221	0	221
1222	0	222
1223	0	223
1224	0	224
1225	0	225
1226	0	226
1227	0	227
1228	0	228
1229	0	229
1230	0	230
1231	0	231
1232	0	232
1233	0	233
1234	0	234
1235	0	235
1236	0	236
1237	0	237
1238	0	238
1239	0	239
1240	0	240
1241	0	241
1242	0	242
1243	0	243
1244	0	244
1245	0	245
1246	0	246
1247	0	247
1248	0	248
1249	0	249
1250	0	250
1251	0	251
1252	0	252
1253	0	253
1254	0	254
1255	0	255
1256	0	256
1257	0	257
1258	0	258
1259	0	259
1260	0	260
1261	0	261
1262	0	262
1263	0	263
1264	0	264
1265	0	265
1266	0	266
1267	0	267
1268	0	268
1269	0	269
1270	0	270
1271	0	271
1272	0	272
1273	0	273
1274	0	274
1275	0	275
1276	0	276
1277	0	277
1278	0	278
1279	0	279
1280	0	280
1281	0	281
1282	0	282
1283	0	283
1284	0	284
1285	0	285
1286	0	286
1287	0	287
1288	0	288
1289	0	289
1290	0	290
1291	0	291
1292	0	292
1293	0	293
1294	0	294
1295	0	295
1296	0	296
1297	0	297
1298	0	298
1299	0	299
1300	0	300
1301	0	301
1302	0	302
1303	0	303
1304	0	304
1305	0	305
1306	0	306
1307	0	307
1308	0	308
1309	0	309
1310	0	310
1311	0	311
1312	0	312
1313	0	313
1314	0	314
1315	0	315
1316	0	316
1317	0	317
1318	0	318
1319	0	319
1320	0	320
1321	0	321
1322	0	322
1323	0	323
1324	0	324
1325	0	325
1326	0	326
1327	0	327
1328	0	328
1329	0	329
1330	0	330
1331	0	331
1332	0	332
1333	0	333
1334	0	334
1335	0	335
1336	0	336
1337	0	337
1338	0	338
1339	0	339
1340	0	340
1341	0	341
1342	0	342
1343	0	343
1344	0	344
1345	0	345
1346	0	346
1347	0	347
1348	0	348
1349	0	349
1350	0	350
1351	0	351
1352	0	352
1353	0	353
1354	0	354
1355	0	355
1356	0	356
1357	0	357
1358	0	358
1359	0	359
1360	0	360
1361	0	361
1362	0	362
1363	0	363
1364	0	364
1365	0	365
1366	0	366
1367	0	367
1368	0	368
1369	0	369
1370	0	370
1371	0	371
1372	0	372
1373	0	373
1374	0	374
1375	0	375
1376	0	376
1377	0	377
1378	0	378
1379	0	379
1380	0	380
1381	0	381
1382	0	382
1383	0	383
1384	0	384
1385	0	385
1386	0	386
1387	0	387
1388	0	388
1389	0	389
1390	0	390
1391	0	391
1392	0	392
1393	0	393
1394	0	394
1395	0	395
1396	0	396
1397	0	397
1398	0	398
1399	0	399
1400	0	400
1401	0	401
1402	0	402
1403	0	403
1404	0	404
1405	0	405
1406	0	406
1407	0	407
1408	0	408
1409	0	409
1410	0	410
1411	0	411
1412	0	412
1413	0	413
1414	0	414
1415	0	415
1416	0	416
1417	0	417
1418	0	418
1419	0	419
1420	0	420
1421	0	421
1422	0	422
1423	0	423
1424	0	424
1425	0	425
1426	0	426
1427	0	427
1428	0	428
1429	0	429
1430	0	430
1431	0	431
1432	0	432
1433	0	433
1434	0	434
1435	0	435
1436	0	436
1437	0	437
1438	0	438
1439	0	439
1440	0	440
1441	0	441
1442	0	442
1443	0	443
1444	0	444
1445	0	445
1446	0	446
1447	0	447
1448	0	448
1449	0	449
1450	0	450
1451	0	451
1452	0	452
1453	0	453
1454	0	454
1455	0	455
1456	0	456
1457	0	457
1458	0	458
1459	0	459
1460	0	460
1461	0	461
1462	0	462
1463	0	463
1464	0	464
1465	0	465
1466	0	466
1467	0	467
1468	0	468
1469	0	469
1470	0	470
1471	0	471
1472	0	472
1473	0	473
1474	0	474
1475	0	475
1476	0	476
1477	0	477
1478	0	478
1479	0	479
1480	0	480
1481	0	481
1482	0	482
1483	0	483
1484	0	484
1485	0	485
1486	0	486
1487	0	487
1488	0	488
1489	0	489
1490	0	490
1491	0	491
1492	0	492
1493	0	493
1494	0	494
1495	0	495
1496	0	496
1497	0	497
1498	0	498
1499	0	499
1500	0	500
1501	0	501
1502	0	502
1503	0	503
1504	0	504
1505	0	505
1506	0	506
1507	0	507
1508	0	508
1509	0	509
1510	0	510
1511	0	511
1512	0	512
1513	0	513
1514	0	514
1515	0	515
1516	0	516
1517	0	517
1518	0	518
1519	0	519
1520	0	520
1521	0	521
1522	0	522
1523	0	523
1524	0	524
1525	0	525
1526	0	526
1527	0	527
1528	0	528
1529	0	529
1530	0	530
1531	0	531
1532	0	532
1533	0	533
1534	0	534
1535	0	535
1536	0	536
1537	0	537
1538	0	538
1539	0	539
1540	0	540
1541	0	541
1542	0	542
1543	0	543
1544	0	544
1545	0	545
1546	0	546
1547	0	547
1548	0	548
1549	0	549
1550	0	550
1551	0	551
1552	0	552
1553	0	553
1554	0	554
1555	0	555
1556	0	556
1557	0	557
1558	0	558
1559	0	559
1560	0	560
1561	0	561
1562	0	562
1563	0	563
1564	0	564
1565	0	565
1566	0	566
1567	0	567
1568	0	568
1569	0	569
1570	0	570
1571	0	571
1572	0	572
1573	0	573
1574	0	574
1575	0	575
1576	0	576
1577	0	577
1578	0	578
1579	0	579
1580	0	580
1581	0	581
1582	0	582
1583	0	583
1584	0	584
1585	0	585
1586	0	586
1587	0	587
1588	0	588
1589	0	589
1590	0	590
1591	0	591
1592	0	592
1593	0	593
1594	0	594
1595	0	595
1596	0	596
1597	0	597
1598	0	598
1599	0	599
