count	distance	tp
500	0	-500	acceptor
501	0	-499	acceptor
502	0	-498	acceptor
503	0	-497	acceptor
504	0	-496	acceptor
505	0	-495	acceptor
506	0.000103263114415531	-494	acceptor
507	0.000103263114415531	-493	acceptor
508	0.000103263114415531	-492	acceptor
509	0.000103263114415531	-491	acceptor
510	0.000103263114415531	-490	acceptor
511	0.000103263114415531	-489	acceptor
512	0	-488	acceptor
513	0	-487	acceptor
514	0	-486	acceptor
515	0	-485	acceptor
516	0	-484	acceptor
517	0	-483	acceptor
518	0	-482	acceptor
519	0	-481	acceptor
520	0	-480	acceptor
521	0	-479	acceptor
522	0	-478	acceptor
523	0	-477	acceptor
524	0	-476	acceptor
525	0	-475	acceptor
526	0	-474	acceptor
527	0	-473	acceptor
528	0	-472	acceptor
529	0	-471	acceptor
530	0	-470	acceptor
531	0	-469	acceptor
532	0	-468	acceptor
533	0	-467	acceptor
534	0	-466	acceptor
535	0	-465	acceptor
536	0	-464	acceptor
537	0	-463	acceptor
538	0	-462	acceptor
539	0	-461	acceptor
540	0	-460	acceptor
541	0	-459	acceptor
542	0	-458	acceptor
543	0	-457	acceptor
544	0	-456	acceptor
545	0	-455	acceptor
546	0	-454	acceptor
547	0	-453	acceptor
548	0	-452	acceptor
549	0	-451	acceptor
550	0	-450	acceptor
551	0	-449	acceptor
552	0	-448	acceptor
553	0	-447	acceptor
554	0	-446	acceptor
555	0	-445	acceptor
556	0	-444	acceptor
557	0	-443	acceptor
558	0	-442	acceptor
559	0	-441	acceptor
560	0	-440	acceptor
561	0.000103263114415531	-439	acceptor
562	0.000103263114415531	-438	acceptor
563	0.000103263114415531	-437	acceptor
564	0.000103263114415531	-436	acceptor
565	0.000103263114415531	-435	acceptor
566	0.000103263114415531	-434	acceptor
567	0.000103263114415531	-433	acceptor
568	0.000103263114415531	-432	acceptor
569	0.000103263114415531	-431	acceptor
570	0.000103263114415531	-430	acceptor
571	0.000103263114415531	-429	acceptor
572	0.000103263114415531	-428	acceptor
573	0	-427	acceptor
574	0	-426	acceptor
575	0	-425	acceptor
576	0	-424	acceptor
577	0	-423	acceptor
578	0	-422	acceptor
579	0.000206526228831062	-421	acceptor
580	0.000309789343246592	-420	acceptor
581	0.000309789343246592	-419	acceptor
582	0.000309789343246592	-418	acceptor
583	0.000309789343246592	-417	acceptor
584	0.000309789343246592	-416	acceptor
585	0.000206526228831062	-415	acceptor
586	0.000103263114415531	-414	acceptor
587	0.000103263114415531	-413	acceptor
588	0.000103263114415531	-412	acceptor
589	0.000103263114415531	-411	acceptor
590	0.000103263114415531	-410	acceptor
591	0	-409	acceptor
592	0.000103263114415531	-408	acceptor
593	0.000103263114415531	-407	acceptor
594	0.000206526228831062	-406	acceptor
595	0.000206526228831062	-405	acceptor
596	0.000309789343246592	-404	acceptor
597	0.000309789343246592	-403	acceptor
598	0.000206526228831062	-402	acceptor
599	0.000206526228831062	-401	acceptor
600	0.000206526228831062	-400	acceptor
601	0.000206526228831062	-399	acceptor
602	0.000103263114415531	-398	acceptor
603	0.000103263114415531	-397	acceptor
604	0.000103263114415531	-396	acceptor
605	0.000103263114415531	-395	acceptor
606	0	-394	acceptor
607	0	-393	acceptor
608	0	-392	acceptor
609	0	-391	acceptor
610	0	-390	acceptor
611	0.000103263114415531	-389	acceptor
612	0.000206526228831062	-388	acceptor
613	0.000206526228831062	-387	acceptor
614	0.000206526228831062	-386	acceptor
615	0.000206526228831062	-385	acceptor
616	0.000206526228831062	-384	acceptor
617	0.000103263114415531	-383	acceptor
618	0.000103263114415531	-382	acceptor
619	0.000103263114415531	-381	acceptor
620	0.000206526228831062	-380	acceptor
621	0.000206526228831062	-379	acceptor
622	0.000206526228831062	-378	acceptor
623	0.000206526228831062	-377	acceptor
624	0.000103263114415531	-376	acceptor
625	0.000103263114415531	-375	acceptor
626	0	-374	acceptor
627	0	-373	acceptor
628	0	-372	acceptor
629	0	-371	acceptor
630	0	-370	acceptor
631	0.000103263114415531	-369	acceptor
632	0.000103263114415531	-368	acceptor
633	0.000103263114415531	-367	acceptor
634	0.000206526228831062	-366	acceptor
635	0.000206526228831062	-365	acceptor
636	0.000309789343246592	-364	acceptor
637	0.000206526228831062	-363	acceptor
638	0.000206526228831062	-362	acceptor
639	0.000309789343246592	-361	acceptor
640	0.000206526228831062	-360	acceptor
641	0.000206526228831062	-359	acceptor
642	0.000103263114415531	-358	acceptor
643	0.000103263114415531	-357	acceptor
644	0.000309789343246592	-356	acceptor
645	0.000206526228831062	-355	acceptor
646	0.000206526228831062	-354	acceptor
647	0.000206526228831062	-353	acceptor
648	0.000206526228831062	-352	acceptor
649	0.000206526228831062	-351	acceptor
650	0	-350	acceptor
651	0.000103263114415531	-349	acceptor
652	0.000103263114415531	-348	acceptor
653	0.000103263114415531	-347	acceptor
654	0.000103263114415531	-346	acceptor
655	0.000206526228831062	-345	acceptor
656	0.000206526228831062	-344	acceptor
657	0.000206526228831062	-343	acceptor
658	0.000206526228831062	-342	acceptor
659	0.000309789343246592	-341	acceptor
660	0.000309789343246592	-340	acceptor
661	0.000309789343246592	-339	acceptor
662	0.000309789343246592	-338	acceptor
663	0.000206526228831062	-337	acceptor
664	0.000206526228831062	-336	acceptor
665	0.000309789343246592	-335	acceptor
666	0.000309789343246592	-334	acceptor
667	0.000206526228831062	-333	acceptor
668	0.000206526228831062	-332	acceptor
669	0.000206526228831062	-331	acceptor
670	0.000206526228831062	-330	acceptor
671	0	-329	acceptor
672	0.000206526228831062	-328	acceptor
673	0.000309789343246592	-327	acceptor
674	0.000413052457662123	-326	acceptor
675	0.000413052457662123	-325	acceptor
676	0.000413052457662123	-324	acceptor
677	0.000413052457662123	-323	acceptor
678	0.000206526228831062	-322	acceptor
679	0.000103263114415531	-321	acceptor
680	0	-320	acceptor
681	0	-319	acceptor
682	0.000103263114415531	-318	acceptor
683	0.000103263114415531	-317	acceptor
684	0.000206526228831062	-316	acceptor
685	0.000206526228831062	-315	acceptor
686	0.000206526228831062	-314	acceptor
687	0.000206526228831062	-313	acceptor
688	0.000206526228831062	-312	acceptor
689	0.000206526228831062	-311	acceptor
690	0.000103263114415531	-310	acceptor
691	0.000103263114415531	-309	acceptor
692	0.000206526228831062	-308	acceptor
693	0.000206526228831062	-307	acceptor
694	0.000206526228831062	-306	acceptor
695	0.000206526228831062	-305	acceptor
696	0.000309789343246592	-304	acceptor
697	0.000309789343246592	-303	acceptor
698	0.000309789343246592	-302	acceptor
699	0.000309789343246592	-301	acceptor
700	0.000206526228831062	-300	acceptor
701	0.000206526228831062	-299	acceptor
702	0.000206526228831062	-298	acceptor
703	0.000309789343246592	-297	acceptor
704	0.000206526228831062	-296	acceptor
705	0.000206526228831062	-295	acceptor
706	0.000206526228831062	-294	acceptor
707	0.000206526228831062	-293	acceptor
708	0.000103263114415531	-292	acceptor
709	0	-291	acceptor
710	0	-290	acceptor
711	0	-289	acceptor
712	0	-288	acceptor
713	0	-287	acceptor
714	0	-286	acceptor
715	0	-285	acceptor
716	0	-284	acceptor
717	0	-283	acceptor
718	0.000103263114415531	-282	acceptor
719	0.000103263114415531	-281	acceptor
720	0.000103263114415531	-280	acceptor
721	0.000206526228831062	-279	acceptor
722	0.000206526228831062	-278	acceptor
723	0.000206526228831062	-277	acceptor
724	0.000103263114415531	-276	acceptor
725	0.000413052457662123	-275	acceptor
726	0.000413052457662123	-274	acceptor
727	0.000309789343246592	-273	acceptor
728	0.000413052457662123	-272	acceptor
729	0.000413052457662123	-271	acceptor
730	0.000413052457662123	-270	acceptor
731	0.000103263114415531	-269	acceptor
732	0.000103263114415531	-268	acceptor
733	0.000103263114415531	-267	acceptor
734	0	-266	acceptor
735	0	-265	acceptor
736	0	-264	acceptor
737	0	-263	acceptor
738	0.000103263114415531	-262	acceptor
739	0.000103263114415531	-261	acceptor
740	0.000103263114415531	-260	acceptor
741	0.000103263114415531	-259	acceptor
742	0.000103263114415531	-258	acceptor
743	0.000103263114415531	-257	acceptor
744	0	-256	acceptor
745	0.000103263114415531	-255	acceptor
746	0.000103263114415531	-254	acceptor
747	0.000206526228831062	-253	acceptor
748	0.000206526228831062	-252	acceptor
749	0.000309789343246592	-251	acceptor
750	0.000309789343246592	-250	acceptor
751	0.000413052457662123	-249	acceptor
752	0.000516315572077654	-248	acceptor
753	0.000413052457662123	-247	acceptor
754	0.000722841800908715	-246	acceptor
755	0.000826104915324246	-245	acceptor
756	0.000826104915324246	-244	acceptor
757	0.000826104915324246	-243	acceptor
758	0.000722841800908715	-242	acceptor
759	0.00103263114415531	-241	acceptor
760	0.000929368029739777	-240	acceptor
761	0.000722841800908715	-239	acceptor
762	0.000826104915324246	-238	acceptor
763	0.000826104915324246	-237	acceptor
764	0.000826104915324246	-236	acceptor
765	0.000516315572077654	-235	acceptor
766	0.000516315572077654	-234	acceptor
767	0.000516315572077654	-233	acceptor
768	0.000722841800908715	-232	acceptor
769	0.000722841800908715	-231	acceptor
770	0.00103263114415531	-230	acceptor
771	0.00103263114415531	-229	acceptor
772	0.000929368029739777	-228	acceptor
773	0.00113589425857084	-227	acceptor
774	0.00103263114415531	-226	acceptor
775	0.000826104915324246	-225	acceptor
776	0.000619578686493185	-224	acceptor
777	0.000722841800908715	-223	acceptor
778	0.000826104915324246	-222	acceptor
779	0.000722841800908715	-221	acceptor
780	0.000516315572077654	-220	acceptor
781	0.000619578686493185	-219	acceptor
782	0.000516315572077654	-218	acceptor
783	0.000619578686493185	-217	acceptor
784	0.000619578686493185	-216	acceptor
785	0.000722841800908715	-215	acceptor
786	0.00103263114415531	-214	acceptor
787	0.00103263114415531	-213	acceptor
788	0.00103263114415531	-212	acceptor
789	0.000929368029739777	-211	acceptor
790	0.000929368029739777	-210	acceptor
791	0.000722841800908715	-209	acceptor
792	0.000516315572077654	-208	acceptor
793	0.000826104915324246	-207	acceptor
794	0.00103263114415531	-206	acceptor
795	0.00113589425857084	-205	acceptor
796	0.00123915737298637	-204	acceptor
797	0.00123915737298637	-203	acceptor
798	0.00165220983064849	-202	acceptor
799	0.00144568360181743	-201	acceptor
800	0.00144568360181743	-200	acceptor
801	0.00123915737298637	-199	acceptor
802	0.000929368029739777	-198	acceptor
803	0.00103263114415531	-197	acceptor
804	0.000722841800908715	-196	acceptor
805	0.000516315572077654	-195	acceptor
806	0.000516315572077654	-194	acceptor
807	0.000516315572077654	-193	acceptor
808	0.000516315572077654	-192	acceptor
809	0.000619578686493185	-191	acceptor
810	0.000516315572077654	-190	acceptor
811	0.000722841800908715	-189	acceptor
812	0.000516315572077654	-188	acceptor
813	0.000619578686493185	-187	acceptor
814	0.000722841800908715	-186	acceptor
815	0.000619578686493185	-185	acceptor
816	0.000722841800908715	-184	acceptor
817	0.000929368029739777	-183	acceptor
818	0.00103263114415531	-182	acceptor
819	0.00123915737298637	-181	acceptor
820	0.0013424204874019	-180	acceptor
821	0.00144568360181743	-179	acceptor
822	0.00175547294506402	-178	acceptor
823	0.00165220983064849	-177	acceptor
824	0.00185873605947955	-176	acceptor
825	0.00175547294506402	-175	acceptor
826	0.00154894671623296	-174	acceptor
827	0.00144568360181743	-173	acceptor
828	0.00113589425857084	-172	acceptor
829	0.000826104915324246	-171	acceptor
830	0.000619578686493185	-170	acceptor
831	0.000619578686493185	-169	acceptor
832	0.000722841800908715	-168	acceptor
833	0.000722841800908715	-167	acceptor
834	0.000929368029739777	-166	acceptor
835	0.00123915737298637	-165	acceptor
836	0.00113589425857084	-164	acceptor
837	0.00113589425857084	-163	acceptor
838	0.00144568360181743	-162	acceptor
839	0.00144568360181743	-161	acceptor
840	0.00123915737298637	-160	acceptor
841	0.000929368029739777	-159	acceptor
842	0.00103263114415531	-158	acceptor
843	0.00113589425857084	-157	acceptor
844	0.000929368029739777	-156	acceptor
845	0.000929368029739777	-155	acceptor
846	0.000929368029739777	-154	acceptor
847	0.00103263114415531	-153	acceptor
848	0.00123915737298637	-152	acceptor
849	0.0013424204874019	-151	acceptor
850	0.00113589425857084	-150	acceptor
851	0.00113589425857084	-149	acceptor
852	0.00113589425857084	-148	acceptor
853	0.00103263114415531	-147	acceptor
854	0.000722841800908715	-146	acceptor
855	0.000516315572077654	-145	acceptor
856	0.000516315572077654	-144	acceptor
857	0.000619578686493185	-143	acceptor
858	0.000722841800908715	-142	acceptor
859	0.000929368029739777	-141	acceptor
860	0.000929368029739777	-140	acceptor
861	0.00103263114415531	-139	acceptor
862	0.00113589425857084	-138	acceptor
863	0.00103263114415531	-137	acceptor
864	0.000826104915324246	-136	acceptor
865	0.000929368029739777	-135	acceptor
866	0.00113589425857084	-134	acceptor
867	0.000929368029739777	-133	acceptor
868	0.000826104915324246	-132	acceptor
869	0.00103263114415531	-131	acceptor
870	0.000929368029739777	-130	acceptor
871	0.000722841800908715	-129	acceptor
872	0.000619578686493185	-128	acceptor
873	0.000722841800908715	-127	acceptor
874	0.000826104915324246	-126	acceptor
875	0.000516315572077654	-125	acceptor
876	0.000516315572077654	-124	acceptor
877	0.000413052457662123	-123	acceptor
878	0.000309789343246592	-122	acceptor
879	0.000516315572077654	-121	acceptor
880	0.000516315572077654	-120	acceptor
881	0.000826104915324246	-119	acceptor
882	0.00103263114415531	-118	acceptor
883	0.00103263114415531	-117	acceptor
884	0.00123915737298637	-116	acceptor
885	0.000826104915324246	-115	acceptor
886	0.000929368029739777	-114	acceptor
887	0.000722841800908715	-113	acceptor
888	0.000619578686493185	-112	acceptor
889	0.000826104915324246	-111	acceptor
890	0.000619578686493185	-110	acceptor
891	0.00103263114415531	-109	acceptor
892	0.00123915737298637	-108	acceptor
893	0.00123915737298637	-107	acceptor
894	0.00185873605947955	-106	acceptor
895	0.00185873605947955	-105	acceptor
896	0.00196199917389508	-104	acceptor
897	0.00154894671623296	-103	acceptor
898	0.00123915737298637	-102	acceptor
899	0.00113589425857084	-101	acceptor
900	0.000516315572077654	-100	acceptor
901	0.000309789343246592	-99	acceptor
902	0.000309789343246592	-98	acceptor
903	0.000309789343246592	-97	acceptor
904	0.000206526228831062	-96	acceptor
905	0.000309789343246592	-95	acceptor
906	0.000413052457662123	-94	acceptor
907	0.000516315572077654	-93	acceptor
908	0.000413052457662123	-92	acceptor
909	0.000619578686493185	-91	acceptor
910	0.000619578686493185	-90	acceptor
911	0.000516315572077654	-89	acceptor
912	0.000309789343246592	-88	acceptor
913	0.000619578686493185	-87	acceptor
914	0.000826104915324246	-86	acceptor
915	0.000722841800908715	-85	acceptor
916	0.000826104915324246	-84	acceptor
917	0.000826104915324246	-83	acceptor
918	0.000929368029739777	-82	acceptor
919	0.000516315572077654	-81	acceptor
920	0.000309789343246592	-80	acceptor
921	0.000309789343246592	-79	acceptor
922	0.000206526228831062	-78	acceptor
923	0.000206526228831062	-77	acceptor
924	0.000103263114415531	-76	acceptor
925	0.000309789343246592	-75	acceptor
926	0.000413052457662123	-74	acceptor
927	0.000413052457662123	-73	acceptor
928	0.000413052457662123	-72	acceptor
929	0.000619578686493185	-71	acceptor
930	0.000722841800908715	-70	acceptor
931	0.000516315572077654	-69	acceptor
932	0.000516315572077654	-68	acceptor
933	0.000413052457662123	-67	acceptor
934	0.000413052457662123	-66	acceptor
935	0.000206526228831062	-65	acceptor
936	0.000103263114415531	-64	acceptor
937	0.000206526228831062	-63	acceptor
938	0.000103263114415531	-62	acceptor
939	0.000103263114415531	-61	acceptor
940	0.000103263114415531	-60	acceptor
941	0.000103263114415531	-59	acceptor
942	0.000103263114415531	-58	acceptor
943	0	-57	acceptor
944	0	-56	acceptor
945	0.000103263114415531	-55	acceptor
946	0.000206526228831062	-54	acceptor
947	0.000309789343246592	-53	acceptor
948	0.000309789343246592	-52	acceptor
949	0.000309789343246592	-51	acceptor
950	0.000413052457662123	-50	acceptor
951	0.000516315572077654	-49	acceptor
952	0.000516315572077654	-48	acceptor
953	0.000413052457662123	-47	acceptor
954	0.000516315572077654	-46	acceptor
955	0.000722841800908715	-45	acceptor
956	0.000619578686493185	-44	acceptor
957	0.000516315572077654	-43	acceptor
958	0.000413052457662123	-42	acceptor
959	0.000826104915324246	-41	acceptor
960	0.000826104915324246	-40	acceptor
961	0.000929368029739777	-39	acceptor
962	0.00103263114415531	-38	acceptor
963	0.00113589425857084	-37	acceptor
964	0.00144568360181743	-36	acceptor
965	0.00113589425857084	-35	acceptor
966	0.00113589425857084	-34	acceptor
967	0.00123915737298637	-33	acceptor
968	0.00123915737298637	-32	acceptor
969	0.00123915737298637	-31	acceptor
970	0.00123915737298637	-30	acceptor
971	0.00113589425857084	-29	acceptor
972	0.00144568360181743	-28	acceptor
973	0.00185873605947955	-27	acceptor
974	0.00175547294506402	-26	acceptor
975	0.00206526228831062	-25	acceptor
976	0.00206526228831062	-24	acceptor
977	0.00247831474597274	-23	acceptor
978	0.00216852540272615	-22	acceptor
979	0.00185873605947955	-21	acceptor
980	0.00196199917389508	-20	acceptor
981	0.00144568360181743	-19	acceptor
982	0.00113589425857084	-18	acceptor
983	0.000826104915324246	-17	acceptor
984	0.000722841800908715	-16	acceptor
985	0.000206526228831062	-15	acceptor
986	0.000103263114415531	-14	acceptor
987	0.000206526228831062	-13	acceptor
988	0.000206526228831062	-12	acceptor
989	0.000103263114415531	-11	acceptor
990	0.000103263114415531	-10	acceptor
991	0.000309789343246592	-9	acceptor
992	0.000722841800908715	-8	acceptor
993	0.000619578686493185	-7	acceptor
994	0.000619578686493185	-6	acceptor
995	0.000619578686493185	-5	acceptor
996	0.000619578686493185	-4	acceptor
997	0.000413052457662123	-3	acceptor
998	0	-2	acceptor
999	0	-1	acceptor
1000	0	0	acceptor
1001	0	1	acceptor
1002	0.000516315572077654	2	acceptor
1003	0.00103263114415531	3	acceptor
1004	0.00216852540272615	4	acceptor
1005	0.00320115654688145	5	acceptor
1006	0.00361420900454358	6	acceptor
1007	0.00413052457662123	7	acceptor
1008	0.00413052457662123	8	acceptor
1009	0.00382073523337464	9	acceptor
1010	0.00320115654688145	10	acceptor
1011	0.00289136720363486	11	acceptor
1012	0.00278810408921933	12	acceptor
1013	0.00299463031805039	13	acceptor
1014	0.00320115654688145	14	acceptor
1015	0.00351094589012805	15	acceptor
1016	0.00392399834779017	16	acceptor
1017	0.00371747211895911	17	acceptor
1018	0.00485336637752995	18	acceptor
1019	0.00567947129285419	19	acceptor
1020	0.00588599752168525	20	acceptor
1021	0.00547294506402313	21	acceptor
1022	0.00505989260636101	22	acceptor
1023	0.00588599752168525	23	acceptor
1024	0.00567947129285419	24	acceptor
1025	0.00475010326311442	25	acceptor
1026	0.00423378769103676	26	acceptor
1027	0.00454357703428335	27	acceptor
1028	0.00475010326311442	28	acceptor
1029	0.00382073523337464	29	acceptor
1030	0.00340768277571252	30	acceptor
1031	0.00320115654688145	31	acceptor
1032	0.00371747211895911	32	acceptor
1033	0.00371747211895911	33	acceptor
1034	0.00340768277571252	34	acceptor
1035	0.00351094589012805	35	acceptor
1036	0.00361420900454358	36	acceptor
1037	0.00433705080545229	37	acceptor
1038	0.00382073523337464	38	acceptor
1039	0.00413052457662123	39	acceptor
1040	0.0053696819496076	40	acceptor
1041	0.00547294506402313	41	acceptor
1042	0.00557620817843866	42	acceptor
1043	0.0053696819496076	43	acceptor
1044	0.00640231309376291	44	acceptor
1045	0.00640231309376291	45	acceptor
1046	0.00567947129285419	46	acceptor
1047	0.00557620817843866	47	acceptor
1048	0.00578273440726972	48	acceptor
1049	0.00578273440726972	49	acceptor
1050	0.00578273440726972	50	acceptor
1051	0.00578273440726972	51	acceptor
1052	0.00526641883519207	52	acceptor
1053	0.0053696819496076	53	acceptor
1054	0.00505989260636101	54	acceptor
1055	0.00444031391986782	55	acceptor
1056	0.00392399834779017	56	acceptor
1057	0.00351094589012805	57	acceptor
1058	0.00413052457662123	58	acceptor
1059	0.00495662949194548	59	acceptor
1060	0.00454357703428335	60	acceptor
1061	0.00505989260636101	61	acceptor
1062	0.00485336637752995	62	acceptor
1063	0.00557620817843866	63	acceptor
1064	0.00516315572077654	64	acceptor
1065	0.00433705080545229	65	acceptor
1066	0.00454357703428335	66	acceptor
1067	0.00392399834779017	67	acceptor
1068	0.0040272614622057	68	acceptor
1069	0.00361420900454358	69	acceptor
1070	0.00371747211895911	70	acceptor
1071	0.00392399834779017	71	acceptor
1072	0.0040272614622057	72	acceptor
1073	0.00454357703428335	73	acceptor
1074	0.00485336637752995	74	acceptor
1075	0.00464684014869888	75	acceptor
1076	0.00444031391986782	76	acceptor
1077	0.00423378769103676	77	acceptor
1078	0.00454357703428335	78	acceptor
1079	0.00464684014869888	79	acceptor
1080	0.00392399834779017	80	acceptor
1081	0.00382073523337464	81	acceptor
1082	0.00382073523337464	82	acceptor
1083	0.00433705080545229	83	acceptor
1084	0.00423378769103676	84	acceptor
1085	0.00413052457662123	85	acceptor
1086	0.00464684014869888	86	acceptor
1087	0.00526641883519207	87	acceptor
1088	0.0053696819496076	88	acceptor
1089	0.00516315572077654	89	acceptor
1090	0.00505989260636101	90	acceptor
1091	0.0053696819496076	91	acceptor
1092	0.00505989260636101	92	acceptor
1093	0.00454357703428335	93	acceptor
1094	0.00433705080545229	94	acceptor
1095	0.0040272614622057	95	acceptor
1096	0.00351094589012805	96	acceptor
1097	0.00320115654688145	97	acceptor
1098	0.00309789343246592	98	acceptor
1099	0.00340768277571252	99	acceptor
1100	0.00351094589012805	100	acceptor
1101	0.00320115654688145	101	acceptor
1102	0.00330441966129698	102	acceptor
1103	0.00309789343246592	103	acceptor
1104	0.00361420900454358	104	acceptor
1105	0.00330441966129698	105	acceptor
1106	0.00330441966129698	106	acceptor
1107	0.00340768277571252	107	acceptor
1108	0.00330441966129698	108	acceptor
1109	0.00340768277571252	109	acceptor
1110	0.00299463031805039	110	acceptor
1111	0.00289136720363486	111	acceptor
1112	0.00309789343246592	112	acceptor
1113	0.00278810408921933	113	acceptor
1114	0.0026848409748038	114	acceptor
1115	0.00278810408921933	115	acceptor
1116	0.00278810408921933	116	acceptor
1117	0.00278810408921933	117	acceptor
1118	0.00299463031805039	118	acceptor
1119	0.00361420900454358	119	acceptor
1120	0.00382073523337464	120	acceptor
1121	0.00361420900454358	121	acceptor
1122	0.00340768277571252	122	acceptor
1123	0.00351094589012805	123	acceptor
1124	0.00330441966129698	124	acceptor
1125	0.00330441966129698	125	acceptor
1126	0.00289136720363486	126	acceptor
1127	0.00309789343246592	127	acceptor
1128	0.00320115654688145	128	acceptor
1129	0.00299463031805039	129	acceptor
1130	0.00309789343246592	130	acceptor
1131	0.0026848409748038	131	acceptor
1132	0.00330441966129698	132	acceptor
1133	0.0026848409748038	133	acceptor
1134	0.00289136720363486	134	acceptor
1135	0.00278810408921933	135	acceptor
1136	0.00216852540272615	136	acceptor
1137	0.00216852540272615	137	acceptor
1138	0.00165220983064849	138	acceptor
1139	0.00196199917389508	139	acceptor
1140	0.00175547294506402	140	acceptor
1141	0.00196199917389508	141	acceptor
1142	0.00237505163155721	142	acceptor
1143	0.00258157786038827	143	acceptor
1144	0.00289136720363486	144	acceptor
1145	0.0026848409748038	145	acceptor
1146	0.00258157786038827	146	acceptor
1147	0.00258157786038827	147	acceptor
1148	0.00237505163155721	148	acceptor
1149	0.00247831474597274	149	acceptor
1150	0.00278810408921933	150	acceptor
1151	0.00289136720363486	151	acceptor
1152	0.0026848409748038	152	acceptor
1153	0.00258157786038827	153	acceptor
1154	0.00237505163155721	154	acceptor
1155	0.00216852540272615	155	acceptor
1156	0.00196199917389508	156	acceptor
1157	0.00185873605947955	157	acceptor
1158	0.00185873605947955	158	acceptor
1159	0.00196199917389508	159	acceptor
1160	0.00185873605947955	160	acceptor
1161	0.00154894671623296	161	acceptor
1162	0.00123915737298637	162	acceptor
1163	0.00123915737298637	163	acceptor
1164	0.00175547294506402	164	acceptor
1165	0.00185873605947955	165	acceptor
1166	0.00216852540272615	166	acceptor
1167	0.00247831474597274	167	acceptor
1168	0.00237505163155721	168	acceptor
1169	0.00278810408921933	169	acceptor
1170	0.00206526228831062	170	acceptor
1171	0.00175547294506402	171	acceptor
1172	0.00165220983064849	172	acceptor
1173	0.00165220983064849	173	acceptor
1174	0.00185873605947955	174	acceptor
1175	0.00144568360181743	175	acceptor
1176	0.00175547294506402	176	acceptor
1177	0.00196199917389508	177	acceptor
1178	0.00196199917389508	178	acceptor
1179	0.00185873605947955	179	acceptor
1180	0.00144568360181743	180	acceptor
1181	0.00196199917389508	181	acceptor
1182	0.00185873605947955	182	acceptor
1183	0.00196199917389508	183	acceptor
1184	0.00185873605947955	184	acceptor
1185	0.00196199917389508	185	acceptor
1186	0.00237505163155721	186	acceptor
1187	0.00185873605947955	187	acceptor
1188	0.00185873605947955	188	acceptor
1189	0.00196199917389508	189	acceptor
1190	0.00185873605947955	190	acceptor
1191	0.00175547294506402	191	acceptor
1192	0.00175547294506402	192	acceptor
1193	0.00154894671623296	193	acceptor
1194	0.00185873605947955	194	acceptor
1195	0.00165220983064849	195	acceptor
1196	0.00154894671623296	196	acceptor
1197	0.00123915737298637	197	acceptor
1198	0.00103263114415531	198	acceptor
1199	0.00123915737298637	199	acceptor
1200	0.000722841800908715	200	acceptor
1201	0.000619578686493185	201	acceptor
1202	0.000722841800908715	202	acceptor
1203	0.000722841800908715	203	acceptor
1204	0.000619578686493185	204	acceptor
1205	0.000413052457662123	205	acceptor
1206	0.000619578686493185	206	acceptor
1207	0.000722841800908715	207	acceptor
1208	0.000929368029739777	208	acceptor
1209	0.00113589425857084	209	acceptor
1210	0.00113589425857084	210	acceptor
1211	0.00123915737298637	211	acceptor
1212	0.00113589425857084	212	acceptor
1213	0.000826104915324246	213	acceptor
1214	0.000619578686493185	214	acceptor
1215	0.000413052457662123	215	acceptor
1216	0.000619578686493185	216	acceptor
1217	0.000929368029739777	217	acceptor
1218	0.000826104915324246	218	acceptor
1219	0.000826104915324246	219	acceptor
1220	0.000722841800908715	220	acceptor
1221	0.000826104915324246	221	acceptor
1222	0.000619578686493185	222	acceptor
1223	0.000309789343246592	223	acceptor
1224	0.000413052457662123	224	acceptor
1225	0.000413052457662123	225	acceptor
1226	0.000722841800908715	226	acceptor
1227	0.000619578686493185	227	acceptor
1228	0.000619578686493185	228	acceptor
1229	0.000516315572077654	229	acceptor
1230	0.000516315572077654	230	acceptor
1231	0.000516315572077654	231	acceptor
1232	0.000206526228831062	232	acceptor
1233	0.000206526228831062	233	acceptor
1234	0.000103263114415531	234	acceptor
1235	0.000206526228831062	235	acceptor
1236	0.000103263114415531	236	acceptor
1237	0.000206526228831062	237	acceptor
1238	0.000206526228831062	238	acceptor
1239	0.000309789343246592	239	acceptor
1240	0.000413052457662123	240	acceptor
1241	0.000309789343246592	241	acceptor
1242	0.000413052457662123	242	acceptor
1243	0.000309789343246592	243	acceptor
1244	0.000309789343246592	244	acceptor
1245	0.000206526228831062	245	acceptor
1246	0.000103263114415531	246	acceptor
1247	0.000309789343246592	247	acceptor
1248	0.000206526228831062	248	acceptor
1249	0.000206526228831062	249	acceptor
1250	0.000413052457662123	250	acceptor
1251	0.000516315572077654	251	acceptor
1252	0.000516315572077654	252	acceptor
1253	0.000722841800908715	253	acceptor
1254	0.000722841800908715	254	acceptor
1255	0.000722841800908715	255	acceptor
1256	0.000619578686493185	256	acceptor
1257	0.000619578686493185	257	acceptor
1258	0.000619578686493185	258	acceptor
1259	0.000413052457662123	259	acceptor
1260	0.000619578686493185	260	acceptor
1261	0.000826104915324246	261	acceptor
1262	0.000929368029739777	262	acceptor
1263	0.000826104915324246	263	acceptor
1264	0.000826104915324246	264	acceptor
1265	0.000619578686493185	265	acceptor
1266	0.000413052457662123	266	acceptor
1267	0.000206526228831062	267	acceptor
1268	0.000206526228831062	268	acceptor
1269	0.000206526228831062	269	acceptor
1270	0.000206526228831062	270	acceptor
1271	0.000206526228831062	271	acceptor
1272	0.000206526228831062	272	acceptor
1273	0.000206526228831062	273	acceptor
1274	0	274	acceptor
1275	0.000103263114415531	275	acceptor
1276	0.000103263114415531	276	acceptor
1277	0.000413052457662123	277	acceptor
1278	0.000516315572077654	278	acceptor
1279	0.000619578686493185	279	acceptor
1280	0.000619578686493185	280	acceptor
1281	0.000826104915324246	281	acceptor
1282	0.000826104915324246	282	acceptor
1283	0.000516315572077654	283	acceptor
1284	0.000413052457662123	284	acceptor
1285	0.000516315572077654	285	acceptor
1286	0.000619578686493185	286	acceptor
1287	0.000516315572077654	287	acceptor
1288	0.000619578686493185	288	acceptor
1289	0.000722841800908715	289	acceptor
1290	0.000826104915324246	290	acceptor
1291	0.000826104915324246	291	acceptor
1292	0.000722841800908715	292	acceptor
1293	0.000619578686493185	293	acceptor
1294	0.000722841800908715	294	acceptor
1295	0.000722841800908715	295	acceptor
1296	0.000619578686493185	296	acceptor
1297	0.000413052457662123	297	acceptor
1298	0.000826104915324246	298	acceptor
1299	0.000722841800908715	299	acceptor
1300	0.000516315572077654	300	acceptor
1301	0.000413052457662123	301	acceptor
1302	0.000619578686493185	302	acceptor
1303	0.000619578686493185	303	acceptor
1304	0.000413052457662123	304	acceptor
1305	0.000516315572077654	305	acceptor
1306	0.000516315572077654	306	acceptor
1307	0.000516315572077654	307	acceptor
1308	0.000309789343246592	308	acceptor
1309	0.000516315572077654	309	acceptor
1310	0.000309789343246592	310	acceptor
1311	0.000206526228831062	311	acceptor
1312	0.000206526228831062	312	acceptor
1313	0.000309789343246592	313	acceptor
1314	0.000413052457662123	314	acceptor
1315	0.000309789343246592	315	acceptor
1316	0.000619578686493185	316	acceptor
1317	0.000619578686493185	317	acceptor
1318	0.000722841800908715	318	acceptor
1319	0.000722841800908715	319	acceptor
1320	0.000619578686493185	320	acceptor
1321	0.000516315572077654	321	acceptor
1322	0.000206526228831062	322	acceptor
1323	0.000206526228831062	323	acceptor
1324	0.000103263114415531	324	acceptor
1325	0.000103263114415531	325	acceptor
1326	0.000103263114415531	326	acceptor
1327	0.000206526228831062	327	acceptor
1328	0.000309789343246592	328	acceptor
1329	0.000413052457662123	329	acceptor
1330	0.000413052457662123	330	acceptor
1331	0.000309789343246592	331	acceptor
1332	0.000309789343246592	332	acceptor
1333	0.000206526228831062	333	acceptor
1334	0.000206526228831062	334	acceptor
1335	0.000206526228831062	335	acceptor
1336	0.000206526228831062	336	acceptor
1337	0.000309789343246592	337	acceptor
1338	0.000309789343246592	338	acceptor
1339	0.000309789343246592	339	acceptor
1340	0.000206526228831062	340	acceptor
1341	0.000103263114415531	341	acceptor
1342	0.000309789343246592	342	acceptor
1343	0.000309789343246592	343	acceptor
1344	0.000309789343246592	344	acceptor
1345	0.000516315572077654	345	acceptor
1346	0.000619578686493185	346	acceptor
1347	0.000619578686493185	347	acceptor
1348	0.000413052457662123	348	acceptor
1349	0.000309789343246592	349	acceptor
1350	0.000309789343246592	350	acceptor
1351	0.000103263114415531	351	acceptor
1352	0.000103263114415531	352	acceptor
1353	0.000103263114415531	353	acceptor
1354	0.000103263114415531	354	acceptor
1355	0.000103263114415531	355	acceptor
1356	0.000103263114415531	356	acceptor
1357	0.000206526228831062	357	acceptor
1358	0.000103263114415531	358	acceptor
1359	0.000206526228831062	359	acceptor
1360	0.000206526228831062	360	acceptor
1361	0.000206526228831062	361	acceptor
1362	0.000309789343246592	362	acceptor
1363	0.000309789343246592	363	acceptor
1364	0.000413052457662123	364	acceptor
1365	0.000309789343246592	365	acceptor
1366	0.000309789343246592	366	acceptor
1367	0.000309789343246592	367	acceptor
1368	0.000309789343246592	368	acceptor
1369	0.000309789343246592	369	acceptor
1370	0.000206526228831062	370	acceptor
1371	0.000413052457662123	371	acceptor
1372	0.000413052457662123	372	acceptor
1373	0.000413052457662123	373	acceptor
1374	0.000309789343246592	374	acceptor
1375	0.000206526228831062	375	acceptor
1376	0.000206526228831062	376	acceptor
1377	0.000103263114415531	377	acceptor
1378	0.000103263114415531	378	acceptor
1379	0.000103263114415531	379	acceptor
1380	0.000103263114415531	380	acceptor
1381	0.000206526228831062	381	acceptor
1382	0.000309789343246592	382	acceptor
1383	0.000206526228831062	383	acceptor
1384	0.000206526228831062	384	acceptor
1385	0.000309789343246592	385	acceptor
1386	0.000309789343246592	386	acceptor
1387	0.000309789343246592	387	acceptor
1388	0.000206526228831062	388	acceptor
1389	0.000206526228831062	389	acceptor
1390	0.000206526228831062	390	acceptor
1391	0.000206526228831062	391	acceptor
1392	0.000309789343246592	392	acceptor
1393	0.000206526228831062	393	acceptor
1394	0.000309789343246592	394	acceptor
1395	0.000309789343246592	395	acceptor
1396	0.000516315572077654	396	acceptor
1397	0.000619578686493185	397	acceptor
1398	0.000516315572077654	398	acceptor
1399	0.000722841800908715	399	acceptor
1400	0.000722841800908715	400	acceptor
1401	0.000722841800908715	401	acceptor
1402	0.000619578686493185	402	acceptor
1403	0.000413052457662123	403	acceptor
1404	0.000413052457662123	404	acceptor
1405	0.000309789343246592	405	acceptor
1406	0.000206526228831062	406	acceptor
1407	0.000206526228831062	407	acceptor
1408	0.000103263114415531	408	acceptor
1409	0.000103263114415531	409	acceptor
1410	0.000103263114415531	410	acceptor
1411	0	411	acceptor
1412	0	412	acceptor
1413	0	413	acceptor
1414	0	414	acceptor
1415	0	415	acceptor
1416	0	416	acceptor
1417	0.000103263114415531	417	acceptor
1418	0.000206526228831062	418	acceptor
1419	0.000206526228831062	419	acceptor
1420	0.000206526228831062	420	acceptor
1421	0.000309789343246592	421	acceptor
1422	0.000309789343246592	422	acceptor
1423	0.000206526228831062	423	acceptor
1424	0.000103263114415531	424	acceptor
1425	0.000206526228831062	425	acceptor
1426	0.000206526228831062	426	acceptor
1427	0.000103263114415531	427	acceptor
1428	0.000103263114415531	428	acceptor
1429	0.000103263114415531	429	acceptor
1430	0.000103263114415531	430	acceptor
1431	0.000103263114415531	431	acceptor
1432	0.000103263114415531	432	acceptor
1433	0.000103263114415531	433	acceptor
1434	0.000103263114415531	434	acceptor
1435	0.000103263114415531	435	acceptor
1436	0.000413052457662123	436	acceptor
1437	0.000309789343246592	437	acceptor
1438	0.000309789343246592	438	acceptor
1439	0.000309789343246592	439	acceptor
1440	0.000309789343246592	440	acceptor
1441	0.000309789343246592	441	acceptor
1442	0	442	acceptor
1443	0	443	acceptor
1444	0	444	acceptor
1445	0	445	acceptor
1446	0	446	acceptor
1447	0	447	acceptor
1448	0	448	acceptor
1449	0	449	acceptor
1450	0	450	acceptor
1451	0	451	acceptor
1452	0	452	acceptor
1453	0	453	acceptor
1454	0.000103263114415531	454	acceptor
1455	0.000103263114415531	455	acceptor
1456	0.000206526228831062	456	acceptor
1457	0.000206526228831062	457	acceptor
1458	0.000206526228831062	458	acceptor
1459	0.000206526228831062	459	acceptor
1460	0.000206526228831062	460	acceptor
1461	0.000206526228831062	461	acceptor
1462	0.000103263114415531	462	acceptor
1463	0.000103263114415531	463	acceptor
1464	0.000103263114415531	464	acceptor
1465	0.000103263114415531	465	acceptor
1466	0	466	acceptor
1467	0	467	acceptor
1468	0	468	acceptor
1469	0	469	acceptor
1470	0	470	acceptor
1471	0	471	acceptor
1472	0	472	acceptor
1473	0	473	acceptor
1474	0	474	acceptor
1475	0	475	acceptor
1476	0.000103263114415531	476	acceptor
1477	0.000103263114415531	477	acceptor
1478	0.000103263114415531	478	acceptor
1479	0.000103263114415531	479	acceptor
1480	0.000103263114415531	480	acceptor
1481	0.000103263114415531	481	acceptor
1482	0	482	acceptor
1483	0	483	acceptor
1484	0	484	acceptor
1485	0	485	acceptor
1486	0	486	acceptor
1487	0	487	acceptor
1488	0	488	acceptor
1489	0	489	acceptor
1490	0	490	acceptor
1491	0	491	acceptor
1492	0	492	acceptor
1493	0	493	acceptor
1494	0	494	acceptor
1495	0	495	acceptor
1496	0	496	acceptor
1497	0	497	acceptor
1498	0	498	acceptor
1499	0	499	acceptor
5001	0	-500	donor
5011	0	-499	donor
5021	0	-498	donor
5031	0	-497	donor
5041	0	-496	donor
5051	0	-495	donor
5061	0	-494	donor
5071	0	-493	donor
5081	8.59106529209622e-05	-492	donor
5091	8.59106529209622e-05	-491	donor
5101	8.59106529209622e-05	-490	donor
5111	8.59106529209622e-05	-489	donor
5121	8.59106529209622e-05	-488	donor
5131	8.59106529209622e-05	-487	donor
5141	0	-486	donor
5151	0	-485	donor
5161	0	-484	donor
5171	0	-483	donor
5181	0	-482	donor
5191	0	-481	donor
5201	0	-480	donor
5211	0	-479	donor
5221	0	-478	donor
5231	0	-477	donor
5241	0	-476	donor
5251	0	-475	donor
5261	0	-474	donor
5271	0	-473	donor
5281	8.59106529209622e-05	-472	donor
5291	8.59106529209622e-05	-471	donor
5301	8.59106529209622e-05	-470	donor
5311	8.59106529209622e-05	-469	donor
5321	8.59106529209622e-05	-468	donor
5331	8.59106529209622e-05	-467	donor
5341	0	-466	donor
5351	0	-465	donor
5361	0	-464	donor
5371	0	-463	donor
5381	0	-462	donor
5391	0	-461	donor
5401	0	-460	donor
5411	0	-459	donor
5421	0	-458	donor
5431	0	-457	donor
5441	0	-456	donor
5451	8.59106529209622e-05	-455	donor
5461	8.59106529209622e-05	-454	donor
5471	0.000257731958762887	-453	donor
5481	0.000343642611683849	-452	donor
5491	0.000429553264604811	-451	donor
5501	0.000515463917525773	-450	donor
5511	0.000429553264604811	-449	donor
5521	0.000515463917525773	-448	donor
5531	0.000343642611683849	-447	donor
5541	0.000257731958762887	-446	donor
5551	0.000257731958762887	-445	donor
5561	0.000171821305841924	-444	donor
5571	0.000171821305841924	-443	donor
5581	8.59106529209622e-05	-442	donor
5591	0.000171821305841924	-441	donor
5601	0.000171821305841924	-440	donor
5611	8.59106529209622e-05	-439	donor
5621	8.59106529209622e-05	-438	donor
5631	0.000171821305841924	-437	donor
5641	0.000257731958762887	-436	donor
5651	0.000171821305841924	-435	donor
5661	0.000171821305841924	-434	donor
5671	0.000171821305841924	-433	donor
5681	0.000171821305841924	-432	donor
5691	8.59106529209622e-05	-431	donor
5701	8.59106529209622e-05	-430	donor
5711	0.000171821305841924	-429	donor
5721	0.000343642611683849	-428	donor
5731	0.000343642611683849	-427	donor
5741	0.000343642611683849	-426	donor
5751	0.000515463917525773	-425	donor
5761	0.000429553264604811	-424	donor
5771	0.000343642611683849	-423	donor
5781	0.000257731958762887	-422	donor
5791	0.000343642611683849	-421	donor
5801	0.000343642611683849	-420	donor
5811	0.000171821305841924	-419	donor
5821	0.000257731958762887	-418	donor
5831	0.000257731958762887	-417	donor
5841	0.000171821305841924	-416	donor
5851	8.59106529209622e-05	-415	donor
5861	8.59106529209622e-05	-414	donor
5871	8.59106529209622e-05	-413	donor
5881	0	-412	donor
5891	8.59106529209622e-05	-411	donor
5901	8.59106529209622e-05	-410	donor
5911	8.59106529209622e-05	-409	donor
5921	8.59106529209622e-05	-408	donor
5931	8.59106529209622e-05	-407	donor
5941	8.59106529209622e-05	-406	donor
5951	0	-405	donor
5961	0	-404	donor
5971	0	-403	donor
5981	8.59106529209622e-05	-402	donor
5991	8.59106529209622e-05	-401	donor
6001	0.000171821305841924	-400	donor
6011	0.000171821305841924	-399	donor
6021	0.000171821305841924	-398	donor
6031	0.000171821305841924	-397	donor
6041	0.000257731958762887	-396	donor
6051	0.000257731958762887	-395	donor
6061	0.000171821305841924	-394	donor
6071	0.000171821305841924	-393	donor
6081	0.000171821305841924	-392	donor
6091	0.000257731958762887	-391	donor
6101	0.000171821305841924	-390	donor
6111	0.000171821305841924	-389	donor
6121	0.000171821305841924	-388	donor
6131	0.000171821305841924	-387	donor
6141	0.000257731958762887	-386	donor
6151	0.000429553264604811	-385	donor
6161	0.000343642611683849	-384	donor
6171	0.000343642611683849	-383	donor
6181	0.000429553264604811	-382	donor
6191	0.000429553264604811	-381	donor
6201	0.000429553264604811	-380	donor
6211	0.000171821305841924	-379	donor
6221	0.000257731958762887	-378	donor
6231	0.000343642611683849	-377	donor
6241	0.000429553264604811	-376	donor
6251	0.000429553264604811	-375	donor
6261	0.000429553264604811	-374	donor
6271	0.000515463917525773	-373	donor
6281	0.000429553264604811	-372	donor
6291	0.000343642611683849	-371	donor
6301	0.000343642611683849	-370	donor
6311	0.000343642611683849	-369	donor
6321	0.000257731958762887	-368	donor
6331	0.000171821305841924	-367	donor
6341	0.000257731958762887	-366	donor
6351	0.000257731958762887	-365	donor
6361	0.000171821305841924	-364	donor
6371	0.000171821305841924	-363	donor
6381	0.000171821305841924	-362	donor
6391	0.000257731958762887	-361	donor
6401	0.000257731958762887	-360	donor
6411	0.000257731958762887	-359	donor
6421	0.000171821305841924	-358	donor
6431	0.000343642611683849	-357	donor
6441	0.000343642611683849	-356	donor
6451	0.000257731958762887	-355	donor
6461	0.000257731958762887	-354	donor
6471	0.000257731958762887	-353	donor
6481	0.000257731958762887	-352	donor
6491	8.59106529209622e-05	-351	donor
6501	8.59106529209622e-05	-350	donor
6511	8.59106529209622e-05	-349	donor
6521	8.59106529209622e-05	-348	donor
6531	8.59106529209622e-05	-347	donor
6541	8.59106529209622e-05	-346	donor
6551	0.000257731958762887	-345	donor
6561	0.000257731958762887	-344	donor
6571	0.000257731958762887	-343	donor
6581	0.000171821305841924	-342	donor
6591	0.000171821305841924	-341	donor
6601	0.000257731958762887	-340	donor
6611	8.59106529209622e-05	-339	donor
6621	0.000257731958762887	-338	donor
6631	0.000343642611683849	-337	donor
6641	0.000515463917525773	-336	donor
6651	0.000515463917525773	-335	donor
6661	0.000515463917525773	-334	donor
6671	0.000515463917525773	-333	donor
6681	0.000343642611683849	-332	donor
6691	0.000257731958762887	-331	donor
6701	0.000171821305841924	-330	donor
6711	0.000171821305841924	-329	donor
6721	8.59106529209622e-05	-328	donor
6731	0.000171821305841924	-327	donor
6741	0.000171821305841924	-326	donor
6751	0.000257731958762887	-325	donor
6761	0.000171821305841924	-324	donor
6771	0.000257731958762887	-323	donor
6781	0.000343642611683849	-322	donor
6791	0.000343642611683849	-321	donor
6801	0.000343642611683849	-320	donor
6811	0.000257731958762887	-319	donor
6821	0.000257731958762887	-318	donor
6831	0.000171821305841924	-317	donor
6841	8.59106529209622e-05	-316	donor
6851	0	-315	donor
6861	0	-314	donor
6871	8.59106529209622e-05	-313	donor
6881	0.000257731958762887	-312	donor
6891	0.000257731958762887	-311	donor
6901	0.000257731958762887	-310	donor
6911	0.000257731958762887	-309	donor
6921	0.000343642611683849	-308	donor
6931	0.000257731958762887	-307	donor
6941	8.59106529209622e-05	-306	donor
6951	0.000171821305841924	-305	donor
6961	0.000171821305841924	-304	donor
6971	0.000257731958762887	-303	donor
6981	0.000257731958762887	-302	donor
6991	0.000257731958762887	-301	donor
7001	0.000257731958762887	-300	donor
7011	0.000257731958762887	-299	donor
7021	0.000257731958762887	-298	donor
7031	0.000171821305841924	-297	donor
7041	8.59106529209622e-05	-296	donor
7051	8.59106529209622e-05	-295	donor
7061	8.59106529209622e-05	-294	donor
7071	8.59106529209622e-05	-293	donor
7081	0.000171821305841924	-292	donor
7091	0.000171821305841924	-291	donor
7101	0.000257731958762887	-290	donor
7111	0.000343642611683849	-289	donor
7121	0.000343642611683849	-288	donor
7131	0.000257731958762887	-287	donor
7141	0.000171821305841924	-286	donor
7151	0.000257731958762887	-285	donor
7161	0.000343642611683849	-284	donor
7171	0.000429553264604811	-283	donor
7181	0.000429553264604811	-282	donor
7191	0.000429553264604811	-281	donor
7201	0.000515463917525773	-280	donor
7211	0.000515463917525773	-279	donor
7221	0.000343642611683849	-278	donor
7231	0.000171821305841924	-277	donor
7241	0.000171821305841924	-276	donor
7251	0.000257731958762887	-275	donor
7261	0.000257731958762887	-274	donor
7271	0.000257731958762887	-273	donor
7281	0.000343642611683849	-272	donor
7291	0.000429553264604811	-271	donor
7301	0.000601374570446735	-270	donor
7311	0.000515463917525773	-269	donor
7321	0.000429553264604811	-268	donor
7331	0.000343642611683849	-267	donor
7341	0.000257731958762887	-266	donor
7351	0.000171821305841924	-265	donor
7361	0	-264	donor
7371	8.59106529209622e-05	-263	donor
7381	0.000257731958762887	-262	donor
7391	0.000343642611683849	-261	donor
7401	0.000601374570446735	-260	donor
7411	0.000687285223367698	-259	donor
7421	0.00077319587628866	-258	donor
7431	0.000687285223367698	-257	donor
7441	0.000859106529209622	-256	donor
7451	0.00077319587628866	-255	donor
7461	0.000515463917525773	-254	donor
7471	0.000429553264604811	-253	donor
7481	0.000343642611683849	-252	donor
7491	0.000515463917525773	-251	donor
7501	0.000171821305841924	-250	donor
7511	0.000171821305841924	-249	donor
7521	0.000257731958762887	-248	donor
7531	0.000429553264604811	-247	donor
7541	0.000515463917525773	-246	donor
7551	0.000343642611683849	-245	donor
7561	0.000343642611683849	-244	donor
7571	0.000429553264604811	-243	donor
7581	0.000343642611683849	-242	donor
7591	0.000257731958762887	-241	donor
7601	0.000171821305841924	-240	donor
7611	0.000343642611683849	-239	donor
7621	0.000687285223367698	-238	donor
7631	0.000601374570446735	-237	donor
7641	0.000687285223367698	-236	donor
7651	0.000687285223367698	-235	donor
7661	0.000687285223367698	-234	donor
7671	0.000687285223367698	-233	donor
7681	0.000515463917525773	-232	donor
7691	0.000601374570446735	-231	donor
7701	0.000601374570446735	-230	donor
7711	0.000687285223367698	-229	donor
7721	0.00077319587628866	-228	donor
7731	0.000687285223367698	-227	donor
7741	0.000601374570446735	-226	donor
7751	0.000859106529209622	-225	donor
7761	0.000859106529209622	-224	donor
7771	0.000859106529209622	-223	donor
7781	0.000945017182130584	-222	donor
7791	0.00103092783505155	-221	donor
7801	0.00111683848797251	-220	donor
7811	0.000945017182130584	-219	donor
7821	0.000945017182130584	-218	donor
7831	0.000945017182130584	-217	donor
7841	0.000859106529209622	-216	donor
7851	0.000859106529209622	-215	donor
7861	0.000687285223367698	-214	donor
7871	0.000601374570446735	-213	donor
7881	0.000687285223367698	-212	donor
7891	0.000515463917525773	-211	donor
7901	0.000515463917525773	-210	donor
7911	0.000515463917525773	-209	donor
7921	0.000601374570446735	-208	donor
7931	0.000601374570446735	-207	donor
7941	0.000601374570446735	-206	donor
7951	0.000687285223367698	-205	donor
7961	0.000945017182130584	-204	donor
7971	0.000945017182130584	-203	donor
7981	0.00103092783505155	-202	donor
7991	0.00111683848797251	-201	donor
8001	0.00103092783505155	-200	donor
8011	0.00120274914089347	-199	donor
8021	0.00120274914089347	-198	donor
8031	0.00103092783505155	-197	donor
8041	0.00128865979381443	-196	donor
8051	0.00128865979381443	-195	donor
8061	0.00128865979381443	-194	donor
8071	0.00128865979381443	-193	donor
8081	0.00120274914089347	-192	donor
8091	0.0013745704467354	-191	donor
8101	0.00103092783505155	-190	donor
8111	0.000945017182130584	-189	donor
8121	0.000859106529209622	-188	donor
8131	0.000601374570446735	-187	donor
8141	0.000515463917525773	-186	donor
8151	0.000515463917525773	-185	donor
8161	0.000429553264604811	-184	donor
8171	0.000687285223367698	-183	donor
8181	0.000945017182130584	-182	donor
8191	0.00120274914089347	-181	donor
8201	0.00111683848797251	-180	donor
8211	0.0013745704467354	-179	donor
8221	0.00163230240549828	-178	donor
8231	0.0013745704467354	-177	donor
8241	0.00128865979381443	-176	donor
8251	0.00120274914089347	-175	donor
8261	0.00146048109965636	-174	donor
8271	0.00103092783505155	-173	donor
8281	0.000945017182130584	-172	donor
8291	0.00103092783505155	-171	donor
8301	0.00103092783505155	-170	donor
8311	0.000945017182130584	-169	donor
8321	0.000945017182130584	-168	donor
8331	0.00128865979381443	-167	donor
8341	0.00128865979381443	-166	donor
8351	0.00128865979381443	-165	donor
8361	0.00120274914089347	-164	donor
8371	0.0013745704467354	-163	donor
8381	0.00120274914089347	-162	donor
8391	0.0013745704467354	-161	donor
8401	0.00171821305841924	-160	donor
8411	0.00189003436426117	-159	donor
8421	0.00189003436426117	-158	donor
8431	0.00197594501718213	-157	donor
8441	0.00197594501718213	-156	donor
8451	0.00171821305841924	-155	donor
8461	0.00163230240549828	-154	donor
8471	0.00146048109965636	-153	donor
8481	0.00163230240549828	-152	donor
8491	0.00163230240549828	-151	donor
8501	0.00180412371134021	-150	donor
8511	0.00180412371134021	-149	donor
8521	0.00154639175257732	-148	donor
8531	0.00154639175257732	-147	donor
8541	0.0013745704467354	-146	donor
8551	0.00111683848797251	-145	donor
8561	0.00111683848797251	-144	donor
8571	0.00103092783505155	-143	donor
8581	0.00128865979381443	-142	donor
8591	0.00111683848797251	-141	donor
8601	0.00146048109965636	-140	donor
8611	0.00163230240549828	-139	donor
8621	0.00128865979381443	-138	donor
8631	0.00154639175257732	-137	donor
8641	0.0013745704467354	-136	donor
8651	0.00163230240549828	-135	donor
8661	0.0013745704467354	-134	donor
8671	0.0013745704467354	-133	donor
8681	0.00171821305841924	-132	donor
8691	0.00206185567010309	-131	donor
8701	0.00206185567010309	-130	donor
8711	0.00257731958762887	-129	donor
8721	0.00283505154639175	-128	donor
8731	0.00292096219931271	-127	donor
8741	0.00292096219931271	-126	donor
8751	0.00214776632302406	-125	donor
8761	0.00214776632302406	-124	donor
8771	0.00171821305841924	-123	donor
8781	0.00163230240549828	-122	donor
8791	0.00180412371134021	-121	donor
8801	0.00189003436426117	-120	donor
8811	0.0024914089347079	-119	donor
8821	0.00283505154639175	-118	donor
8831	0.00292096219931271	-117	donor
8841	0.00300687285223368	-116	donor
8851	0.00283505154639175	-115	donor
8861	0.00283505154639175	-114	donor
8871	0.00231958762886598	-113	donor
8881	0.00240549828178694	-112	donor
8891	0.00240549828178694	-111	donor
8901	0.00240549828178694	-110	donor
8911	0.00283505154639175	-109	donor
8921	0.00266323024054983	-108	donor
8931	0.00292096219931271	-107	donor
8941	0.00240549828178694	-106	donor
8951	0.0024914089347079	-105	donor
8961	0.00257731958762887	-104	donor
8971	0.00214776632302406	-103	donor
8981	0.00231958762886598	-102	donor
8991	0.00240549828178694	-101	donor
9001	0.00300687285223368	-100	donor
9011	0.00266323024054983	-99	donor
9021	0.0024914089347079	-98	donor
9031	0.00266323024054983	-97	donor
9041	0.00274914089347079	-96	donor
9051	0.00283505154639175	-95	donor
9061	0.0024914089347079	-94	donor
9071	0.00274914089347079	-93	donor
9081	0.00292096219931271	-92	donor
9091	0.00326460481099656	-91	donor
9101	0.0031786941580756	-90	donor
9111	0.00309278350515464	-89	donor
9121	0.00335051546391753	-88	donor
9131	0.00369415807560137	-87	donor
9141	0.00395189003436426	-86	donor
9151	0.00412371134020619	-85	donor
9161	0.00420962199312715	-84	donor
9171	0.004553264604811	-83	donor
9181	0.00481099656357388	-82	donor
9191	0.00506872852233677	-81	donor
9201	0.00524054982817869	-80	donor
9211	0.00498281786941581	-79	donor
9221	0.00489690721649485	-78	donor
9231	0.004553264604811	-77	donor
9241	0.00438144329896907	-76	donor
9251	0.00429553264604811	-75	donor
9261	0.00429553264604811	-74	donor
9271	0.00420962199312715	-73	donor
9281	0.00489690721649485	-72	donor
9291	0.00506872852233677	-71	donor
9301	0.00481099656357388	-70	donor
9311	0.00498281786941581	-69	donor
9321	0.00489690721649485	-68	donor
9331	0.00498281786941581	-67	donor
9341	0.00438144329896907	-66	donor
9351	0.00446735395189003	-65	donor
9361	0.00481099656357388	-64	donor
9371	0.00420962199312715	-63	donor
9381	0.00378006872852234	-62	donor
9391	0.00352233676975945	-61	donor
9401	0.00369415807560137	-60	donor
9411	0.00420962199312715	-59	donor
9421	0.00498281786941581	-58	donor
9431	0.00541237113402062	-57	donor
9441	0.00541237113402062	-56	donor
9451	0.00541237113402062	-55	donor
9461	0.00609965635738832	-54	donor
9471	0.00584192439862543	-53	donor
9481	0.00506872852233677	-52	donor
9491	0.00549828178694158	-51	donor
9501	0.00609965635738832	-50	donor
9511	0.00652920962199313	-49	donor
9521	0.0063573883161512	-48	donor
9531	0.00618556701030928	-47	donor
9541	0.00652920962199313	-46	donor
9551	0.00627147766323024	-45	donor
9561	0.0063573883161512	-44	donor
9571	0.00652920962199313	-43	donor
9581	0.00592783505154639	-42	donor
9591	0.00618556701030928	-41	donor
9601	0.00609965635738832	-40	donor
9611	0.00601374570446735	-39	donor
9621	0.00575601374570447	-38	donor
9631	0.0056701030927835	-37	donor
9641	0.00627147766323024	-36	donor
9651	0.00558419243986254	-35	donor
9661	0.00558419243986254	-34	donor
9671	0.00575601374570447	-33	donor
9681	0.00644329896907216	-32	donor
9691	0.00738831615120275	-31	donor
9701	0.0084192439862543	-30	donor
9711	0.00884879725085911	-29	donor
9721	0.0095360824742268	-28	donor
9731	0.0103092783505155	-27	donor
9741	0.00996563573883161	-26	donor
9751	0.00962199312714777	-25	donor
9761	0.00910652920962199	-24	donor
9771	0.00936426116838488	-23	donor
9781	0.00884879725085911	-22	donor
9791	0.00850515463917526	-21	donor
9801	0.00919243986254296	-20	donor
9811	0.00919243986254296	-19	donor
9821	0.00945017182130584	-18	donor
9831	0.0106529209621993	-17	donor
9841	0.0125429553264605	-16	donor
9851	0.0129725085910653	-15	donor
9861	0.0121134020618557	-14	donor
9871	0.0115120274914089	-13	donor
9881	0.0104810996563574	-12	donor
9891	0.00979381443298969	-11	donor
9901	0.00816151202749141	-10	donor
9911	0.0070446735395189	-9	donor
9921	0.00678694158075601	-8	donor
9931	0.00575601374570447	-7	donor
9941	0.00481099656357388	-6	donor
9951	0.00326460481099656	-5	donor
9961	0.00171821305841924	-4	donor
9971	0.00077319587628866	-3	donor
9981	0	-2	donor
9991	8.59106529209622e-05	-1	donor
10001	8.59106529209622e-05	0	donor
10011	8.59106529209622e-05	1	donor
10021	8.59106529209622e-05	2	donor
10031	8.59106529209622e-05	3	donor
10041	8.59106529209622e-05	4	donor
10051	0	5	donor
10061	8.59106529209622e-05	6	donor
10071	0.000171821305841924	7	donor
10081	0.000257731958762887	8	donor
10091	0.000257731958762887	9	donor
10101	0.000257731958762887	10	donor
10111	0.000343642611683849	11	donor
10121	0.000429553264604811	12	donor
10131	0.000429553264604811	13	donor
10141	0.000515463917525773	14	donor
10151	0.000601374570446735	15	donor
10161	0.000859106529209622	16	donor
10171	0.000945017182130584	17	donor
10181	0.00103092783505155	18	donor
10191	0.00111683848797251	19	donor
10201	0.00111683848797251	20	donor
10211	0.00111683848797251	21	donor
10221	0.000945017182130584	22	donor
10231	0.000859106529209622	23	donor
10241	0.000687285223367698	24	donor
10251	0.000515463917525773	25	donor
10261	0.000343642611683849	26	donor
10271	0.000343642611683849	27	donor
10281	0.000343642611683849	28	donor
10291	0.000257731958762887	29	donor
10301	0.000343642611683849	30	donor
10311	0.000343642611683849	31	donor
10321	0.000515463917525773	32	donor
10331	0.000429553264604811	33	donor
10341	0.000343642611683849	34	donor
10351	0.000429553264604811	35	donor
10361	0.000257731958762887	36	donor
10371	0.000601374570446735	37	donor
10381	0.000429553264604811	38	donor
10391	0.000515463917525773	39	donor
10401	0.000515463917525773	40	donor
10411	0.000429553264604811	41	donor
10421	0.000687285223367698	42	donor
10431	0.000343642611683849	43	donor
10441	0.000429553264604811	44	donor
10451	0.000429553264604811	45	donor
10461	0.000429553264604811	46	donor
10471	0.000429553264604811	47	donor
10481	0.000343642611683849	48	donor
10491	0.000343642611683849	49	donor
10501	0.000343642611683849	50	donor
10511	0.000257731958762887	51	donor
10521	0.000429553264604811	52	donor
10531	0.000601374570446735	53	donor
10541	0.000515463917525773	54	donor
10551	0.000687285223367698	55	donor
10561	0.000601374570446735	56	donor
10571	0.000601374570446735	57	donor
10581	0.000429553264604811	58	donor
10591	0.000429553264604811	59	donor
10601	0.000343642611683849	60	donor
10611	0.000429553264604811	61	donor
10621	0.000601374570446735	62	donor
10631	0.00077319587628866	63	donor
10641	0.00077319587628866	64	donor
10651	0.000687285223367698	65	donor
10661	0.000687285223367698	66	donor
10671	0.000515463917525773	67	donor
10681	0.000515463917525773	68	donor
10691	0.000343642611683849	69	donor
10701	0.000343642611683849	70	donor
10711	0.000257731958762887	71	donor
10721	0.000257731958762887	72	donor
10731	0.000343642611683849	73	donor
10741	0.000343642611683849	74	donor
10751	0.000429553264604811	75	donor
10761	0.000515463917525773	76	donor
10771	0.000515463917525773	77	donor
10781	0.000601374570446735	78	donor
10791	0.000945017182130584	79	donor
10801	0.00077319587628866	80	donor
10811	0.00077319587628866	81	donor
10821	0.000859106529209622	82	donor
10831	0.000859106529209622	83	donor
10841	0.00077319587628866	84	donor
10851	0.000429553264604811	85	donor
10861	0.000687285223367698	86	donor
10871	0.000687285223367698	87	donor
10881	0.000687285223367698	88	donor
10891	0.00077319587628866	89	donor
10901	0.00111683848797251	90	donor
10911	0.00111683848797251	91	donor
10921	0.00103092783505155	92	donor
10931	0.000945017182130584	93	donor
10941	0.000859106529209622	94	donor
10951	0.00077319587628866	95	donor
10961	0.000687285223367698	96	donor
10971	0.00077319587628866	97	donor
10981	0.000687285223367698	98	donor
10991	0.00077319587628866	99	donor
11001	0.00077319587628866	100	donor
11011	0.000945017182130584	101	donor
11021	0.00077319587628866	102	donor
11031	0.000687285223367698	103	donor
11041	0.000601374570446735	104	donor
11051	0.000601374570446735	105	donor
11061	0.00077319587628866	106	donor
11071	0.000601374570446735	107	donor
11081	0.000601374570446735	108	donor
11091	0.000429553264604811	109	donor
11101	0.000601374570446735	110	donor
11111	0.000687285223367698	111	donor
11121	0.000429553264604811	112	donor
11131	0.000601374570446735	113	donor
11141	0.000601374570446735	114	donor
11151	0.00077319587628866	115	donor
11161	0.00077319587628866	116	donor
11171	0.00077319587628866	117	donor
11181	0.00077319587628866	118	donor
11191	0.000687285223367698	119	donor
11201	0.00077319587628866	120	donor
11211	0.000601374570446735	121	donor
11221	0.000429553264604811	122	donor
11231	0.000343642611683849	123	donor
11241	0.000429553264604811	124	donor
11251	0.000429553264604811	125	donor
11261	0.000257731958762887	126	donor
11271	0.000257731958762887	127	donor
11281	0.000257731958762887	128	donor
11291	0.000171821305841924	129	donor
11301	0.000257731958762887	130	donor
11311	0.000171821305841924	131	donor
11321	0.000257731958762887	132	donor
11331	0.000515463917525773	133	donor
11341	0.000601374570446735	134	donor
11351	0.000601374570446735	135	donor
11361	0.000601374570446735	136	donor
11371	0.00077319587628866	137	donor
11381	0.00077319587628866	138	donor
11391	0.000601374570446735	139	donor
11401	0.000515463917525773	140	donor
11411	0.000601374570446735	141	donor
11421	0.000601374570446735	142	donor
11431	0.000601374570446735	143	donor
11441	0.000515463917525773	144	donor
11451	0.000687285223367698	145	donor
11461	0.00077319587628866	146	donor
11471	0.000687285223367698	147	donor
11481	0.000601374570446735	148	donor
11491	0.000429553264604811	149	donor
11501	0.000515463917525773	150	donor
11511	0.000515463917525773	151	donor
11521	0.000515463917525773	152	donor
11531	0.000515463917525773	153	donor
11541	0.000601374570446735	154	donor
11551	0.000687285223367698	155	donor
11561	0.000945017182130584	156	donor
11571	0.00077319587628866	157	donor
11581	0.000945017182130584	158	donor
11591	0.00111683848797251	159	donor
11601	0.000945017182130584	160	donor
11611	0.000945017182130584	161	donor
11621	0.000601374570446735	162	donor
11631	0.000601374570446735	163	donor
11641	0.000601374570446735	164	donor
11651	0.000515463917525773	165	donor
11661	0.000859106529209622	166	donor
11671	0.000859106529209622	167	donor
11681	0.00120274914089347	168	donor
11691	0.00128865979381443	169	donor
11701	0.00111683848797251	170	donor
11711	0.00111683848797251	171	donor
11721	0.000859106529209622	172	donor
11731	0.000945017182130584	173	donor
11741	0.000687285223367698	174	donor
11751	0.000515463917525773	175	donor
11761	0.000515463917525773	176	donor
11771	0.000429553264604811	177	donor
11781	0.000601374570446735	178	donor
11791	0.000429553264604811	179	donor
11801	0.000343642611683849	180	donor
11811	0.000601374570446735	181	donor
11821	0.000515463917525773	182	donor
11831	0.000515463917525773	183	donor
11841	0.000343642611683849	184	donor
11851	0.000429553264604811	185	donor
11861	0.000429553264604811	186	donor
11871	0.000171821305841924	187	donor
11881	0.000257731958762887	188	donor
11891	0.000343642611683849	189	donor
11901	0.000343642611683849	190	donor
11911	0.000257731958762887	191	donor
11921	0.000257731958762887	192	donor
11931	0.000515463917525773	193	donor
11941	0.000687285223367698	194	donor
11951	0.000601374570446735	195	donor
11961	0.000515463917525773	196	donor
11971	0.000515463917525773	197	donor
11981	0.000945017182130584	198	donor
11991	0.000687285223367698	199	donor
12001	0.000687285223367698	200	donor
12011	0.000687285223367698	201	donor
12021	0.00077319587628866	202	donor
12031	0.00103092783505155	203	donor
12041	0.000687285223367698	204	donor
12051	0.000687285223367698	205	donor
12061	0.000601374570446735	206	donor
12071	0.000601374570446735	207	donor
12081	0.000515463917525773	208	donor
12091	0.000429553264604811	209	donor
12101	0.000343642611683849	210	donor
12111	0.000343642611683849	211	donor
12121	0.000171821305841924	212	donor
12131	0.000171821305841924	213	donor
12141	0.000257731958762887	214	donor
12151	8.59106529209622e-05	215	donor
12161	0.000257731958762887	216	donor
12171	0.000257731958762887	217	donor
12181	0.000343642611683849	218	donor
12191	0.000515463917525773	219	donor
12201	0.000515463917525773	220	donor
12211	0.000515463917525773	221	donor
12221	0.000515463917525773	222	donor
12231	0.000687285223367698	223	donor
12241	0.000601374570446735	224	donor
12251	0.000601374570446735	225	donor
12261	0.000515463917525773	226	donor
12271	0.000601374570446735	227	donor
12281	0.000429553264604811	228	donor
12291	0.000343642611683849	229	donor
12301	0.000429553264604811	230	donor
12311	0.000257731958762887	231	donor
12321	0.000257731958762887	232	donor
12331	0.000171821305841924	233	donor
12341	0.000257731958762887	234	donor
12351	0.000257731958762887	235	donor
12361	0.000171821305841924	236	donor
12371	0.000171821305841924	237	donor
12381	0.000171821305841924	238	donor
12391	0.000171821305841924	239	donor
12401	8.59106529209622e-05	240	donor
12411	8.59106529209622e-05	241	donor
12421	0.000171821305841924	242	donor
12431	0.000171821305841924	243	donor
12441	0.000171821305841924	244	donor
12451	0.000257731958762887	245	donor
12461	0.000343642611683849	246	donor
12471	0.000429553264604811	247	donor
12481	0.000429553264604811	248	donor
12491	0.000515463917525773	249	donor
12501	0.000515463917525773	250	donor
12511	0.000515463917525773	251	donor
12521	0.000515463917525773	252	donor
12531	0.000343642611683849	253	donor
12541	0.000343642611683849	254	donor
12551	0.000257731958762887	255	donor
12561	0.000343642611683849	256	donor
12571	0.000343642611683849	257	donor
12581	0.000257731958762887	258	donor
12591	0.000343642611683849	259	donor
12601	0.000257731958762887	260	donor
12611	0.000343642611683849	261	donor
12621	0.000257731958762887	262	donor
12631	0.000171821305841924	263	donor
12641	0.000171821305841924	264	donor
12651	0.000257731958762887	265	donor
12661	0.000257731958762887	266	donor
12671	0.000171821305841924	267	donor
12681	0.000257731958762887	268	donor
12691	0.000429553264604811	269	donor
12701	0.000429553264604811	270	donor
12711	0.000257731958762887	271	donor
12721	0.000429553264604811	272	donor
12731	0.000429553264604811	273	donor
12741	0.000343642611683849	274	donor
12751	0.000257731958762887	275	donor
12761	0.000257731958762887	276	donor
12771	0.000257731958762887	277	donor
12781	0.000171821305841924	278	donor
12791	0.000171821305841924	279	donor
12801	0.000171821305841924	280	donor
12811	0.000171821305841924	281	donor
12821	0.000171821305841924	282	donor
12831	0.000343642611683849	283	donor
12841	0.000257731958762887	284	donor
12851	0.000257731958762887	285	donor
12861	0.000257731958762887	286	donor
12871	0.000171821305841924	287	donor
12881	0.000257731958762887	288	donor
12891	0.000171821305841924	289	donor
12901	0.000171821305841924	290	donor
12911	0.000343642611683849	291	donor
12921	0.000343642611683849	292	donor
12931	0.000429553264604811	293	donor
12941	0.000429553264604811	294	donor
12951	0.000343642611683849	295	donor
12961	0.000429553264604811	296	donor
12971	0.000429553264604811	297	donor
12981	0.000515463917525773	298	donor
12991	0.000429553264604811	299	donor
13001	0.000343642611683849	300	donor
13011	0.000343642611683849	301	donor
13021	0.000257731958762887	302	donor
13031	8.59106529209622e-05	303	donor
13041	8.59106529209622e-05	304	donor
13051	0.000171821305841924	305	donor
13061	0.000257731958762887	306	donor
13071	0.000343642611683849	307	donor
13081	0.000429553264604811	308	donor
13091	0.000429553264604811	309	donor
13101	0.000343642611683849	310	donor
13111	0.000257731958762887	311	donor
13121	0.000257731958762887	312	donor
13131	0.000171821305841924	313	donor
13141	0.000171821305841924	314	donor
13151	0.000257731958762887	315	donor
13161	0.000429553264604811	316	donor
13171	0.000429553264604811	317	donor
13181	0.000343642611683849	318	donor
13191	0.000343642611683849	319	donor
13201	0.000343642611683849	320	donor
13211	0.000257731958762887	321	donor
13221	8.59106529209622e-05	322	donor
13231	8.59106529209622e-05	323	donor
13241	8.59106529209622e-05	324	donor
13251	8.59106529209622e-05	325	donor
13261	8.59106529209622e-05	326	donor
13271	0.000171821305841924	327	donor
13281	0.000171821305841924	328	donor
13291	0.000171821305841924	329	donor
13301	0.000257731958762887	330	donor
13311	0.000257731958762887	331	donor
13321	0.000257731958762887	332	donor
13331	0.000171821305841924	333	donor
13341	0.000257731958762887	334	donor
13351	0.000257731958762887	335	donor
13361	0.000171821305841924	336	donor
13371	0.000171821305841924	337	donor
13381	0.000257731958762887	338	donor
13391	0.000257731958762887	339	donor
13401	0.000171821305841924	340	donor
13411	0.000343642611683849	341	donor
13421	0.000343642611683849	342	donor
13431	0.000343642611683849	343	donor
13441	0.000257731958762887	344	donor
13451	0.000257731958762887	345	donor
13461	0.000257731958762887	346	donor
13471	0.000171821305841924	347	donor
13481	0.000257731958762887	348	donor
13491	0.000257731958762887	349	donor
13501	0.000343642611683849	350	donor
13511	0.000343642611683849	351	donor
13521	0.000343642611683849	352	donor
13531	0.000257731958762887	353	donor
13541	0.000257731958762887	354	donor
13551	0.000257731958762887	355	donor
13561	8.59106529209622e-05	356	donor
13571	8.59106529209622e-05	357	donor
13581	8.59106529209622e-05	358	donor
13591	8.59106529209622e-05	359	donor
13601	0	360	donor
13611	8.59106529209622e-05	361	donor
13621	8.59106529209622e-05	362	donor
13631	8.59106529209622e-05	363	donor
13641	0.000171821305841924	364	donor
13651	0.000257731958762887	365	donor
13661	0.000343642611683849	366	donor
13671	0.000257731958762887	367	donor
13681	0.000343642611683849	368	donor
13691	0.000343642611683849	369	donor
13701	0.000257731958762887	370	donor
13711	0.000171821305841924	371	donor
13721	8.59106529209622e-05	372	donor
13731	8.59106529209622e-05	373	donor
13741	0	374	donor
13751	0	375	donor
13761	8.59106529209622e-05	376	donor
13771	0.000171821305841924	377	donor
13781	0.000257731958762887	378	donor
13791	0.000257731958762887	379	donor
13801	0.000257731958762887	380	donor
13811	0.000257731958762887	381	donor
13821	0.000257731958762887	382	donor
13831	0.000171821305841924	383	donor
13841	0.000171821305841924	384	donor
13851	0.000171821305841924	385	donor
13861	0.000171821305841924	386	donor
13871	0.000171821305841924	387	donor
13881	8.59106529209622e-05	388	donor
13891	8.59106529209622e-05	389	donor
13901	0	390	donor
13911	0	391	donor
13921	8.59106529209622e-05	392	donor
13931	0.000171821305841924	393	donor
13941	0.000171821305841924	394	donor
13951	0.000171821305841924	395	donor
13961	0.000171821305841924	396	donor
13971	0.000171821305841924	397	donor
13981	8.59106529209622e-05	398	donor
13991	0	399	donor
14001	0	400	donor
14011	0	401	donor
14021	0	402	donor
14031	0	403	donor
14041	0	404	donor
14051	0	405	donor
14061	8.59106529209622e-05	406	donor
14071	8.59106529209622e-05	407	donor
14081	8.59106529209622e-05	408	donor
14091	8.59106529209622e-05	409	donor
14101	8.59106529209622e-05	410	donor
14111	8.59106529209622e-05	411	donor
14121	0	412	donor
14131	0	413	donor
14141	0	414	donor
14151	0	415	donor
14161	0	416	donor
14171	0	417	donor
14181	0	418	donor
14191	0	419	donor
14201	0	420	donor
14211	0	421	donor
14221	0	422	donor
14231	0	423	donor
14241	0	424	donor
14251	8.59106529209622e-05	425	donor
14261	8.59106529209622e-05	426	donor
14271	8.59106529209622e-05	427	donor
14281	0.000171821305841924	428	donor
14291	0.000171821305841924	429	donor
14301	0.000171821305841924	430	donor
14311	8.59106529209622e-05	431	donor
14321	8.59106529209622e-05	432	donor
14331	8.59106529209622e-05	433	donor
14341	0	434	donor
14351	0	435	donor
14361	0	436	donor
14371	0	437	donor
14381	0	438	donor
14391	0	439	donor
14401	0	440	donor
14411	0	441	donor
14421	8.59106529209622e-05	442	donor
14431	8.59106529209622e-05	443	donor
14441	0.000171821305841924	444	donor
14451	0.000171821305841924	445	donor
14461	0.000171821305841924	446	donor
14471	0.000171821305841924	447	donor
14481	8.59106529209622e-05	448	donor
14491	8.59106529209622e-05	449	donor
14501	0	450	donor
14511	0	451	donor
14521	0	452	donor
14531	0	453	donor
14541	0	454	donor
14551	0	455	donor
14561	0	456	donor
14571	8.59106529209622e-05	457	donor
14581	8.59106529209622e-05	458	donor
14591	0.000171821305841924	459	donor
14601	0.000171821305841924	460	donor
14611	0.000171821305841924	461	donor
14621	0.000171821305841924	462	donor
14631	8.59106529209622e-05	463	donor
14641	8.59106529209622e-05	464	donor
14651	0	465	donor
14661	0	466	donor
14671	0	467	donor
14681	0	468	donor
14691	0	469	donor
14701	0	470	donor
14711	0	471	donor
14721	0	472	donor
14731	0	473	donor
14741	0	474	donor
14751	0	475	donor
14761	0	476	donor
14771	0	477	donor
14781	0	478	donor
14791	0	479	donor
14801	0	480	donor
14811	0	481	donor
14821	0	482	donor
14831	0	483	donor
14841	0	484	donor
14851	0	485	donor
14861	0	486	donor
14871	0	487	donor
14881	0	488	donor
14891	0	489	donor
14901	0	490	donor
14911	0	491	donor
14921	8.59106529209622e-05	492	donor
14931	8.59106529209622e-05	493	donor
14941	8.59106529209622e-05	494	donor
14951	8.59106529209622e-05	495	donor
14961	8.59106529209622e-05	496	donor
14971	8.59106529209622e-05	497	donor
14981	0	498	donor
14991	0	499	donor
